Elapsed_Time(sec),Timestamp,Pressure_mbar
0.1,17:45:15,9.430e-01
1.3,17:45:16,9.430e-01
2.5,17:45:17,9.430e-01
3.6,17:45:18,9.430e-01
4.8,17:45:19,9.430e-01
5.9,17:45:20,9.430e-01
7.1,17:45:22,9.430e-01
8.2,17:45:23,9.430e-01
9.4,17:45:24,9.430e-01
10.5,17:45:25,9.430e-01
11.6,17:45:26,9.430e-01
12.8,17:45:27,9.440e-01
13.9,17:45:28,9.430e-01
15.1,17:45:30,9.430e-01
16.2,17:45:31,9.430e-01
17.4,17:45:32,9.430e-01
18.5,17:45:33,9.430e-01
19.7,17:45:34,9.430e-01
20.9,17:45:35,9.430e-01
22.0,17:45:37,9.430e-01
23.1,17:45:38,9.430e-01
24.3,17:45:39,9.430e-01
25.4,17:45:40,9.430e-01
26.6,17:45:41,9.430e-01
27.7,17:45:42,9.430e-01
28.9,17:45:43,9.430e-01
30.0,17:45:45,9.430e-01
31.2,17:45:46,9.430e-01
32.3,17:45:47,9.430e-01
33.5,17:45:48,9.430e-01
34.6,17:45:49,9.430e-01
35.8,17:45:50,9.430e-01
37.0,17:45:52,9.430e-01
38.1,17:45:53,9.430e-01
39.3,17:45:54,9.430e-01
40.4,17:45:55,9.430e-01
41.6,17:45:56,9.430e-01
42.7,17:45:57,9.430e-01
43.9,17:45:58,9.430e-01
45.0,17:46:00,9.430e-01
46.2,17:46:01,9.430e-01
47.3,17:46:02,9.430e-01
48.4,17:46:03,9.430e-01
49.6,17:46:04,9.430e-01
50.8,17:46:05,9.430e-01
51.9,17:46:06,9.440e-01
53.0,17:46:08,9.730e-01
54.2,17:46:09,1.020e+00
55.3,17:46:10,2.600e+00
56.5,17:46:11,2.900e+00
57.6,17:46:12,2.500e+00
58.8,17:46:13,2.000e+00
60.0,17:46:15,1.790e+00
61.1,17:46:16,1.510e+00
62.3,17:46:17,1.170e+00
63.4,17:46:18,8.550e-01
64.6,17:46:19,5.950e-01
65.7,17:46:20,3.480e-01
66.9,17:46:21,1.460e-01
68.0,17:46:23,4.660e-02
69.2,17:46:24,1.940e-02
70.3,17:46:25,1.050e-02
71.5,17:46:26,6.780e-03
72.6,17:46:27,5.130e-03
73.8,17:46:28,4.320e-03
74.9,17:46:29,3.800e-03
76.1,17:46:31,3.360e-03
77.2,17:46:32,3.100e-03
78.4,17:46:33,2.830e-03
79.6,17:46:34,2.630e-03
80.7,17:46:35,2.430e-03
81.9,17:46:36,2.230e-03
83.0,17:46:38,2.200e-03
84.2,17:46:39,2.030e-03
85.4,17:46:40,1.910e-03
86.5,17:46:41,1.820e-03
87.7,17:46:42,1.790e-03
88.8,17:46:43,1.760e-03
90.0,17:46:45,1.750e-03
91.1,17:46:46,1.750e-03
92.3,17:46:47,1.770e-03
93.4,17:46:48,1.760e-03
94.5,17:46:49,1.820e-03
95.7,17:46:50,1.800e-03
96.8,17:46:51,1.810e-03
98.0,17:46:53,1.740e-03
99.1,17:46:54,1.700e-03
100.3,17:46:55,1.680e-03
101.4,17:46:56,1.620e-03
102.6,17:46:57,1.570e-03
103.7,17:46:58,1.500e-03
104.9,17:46:59,1.430e-03
106.0,17:47:01,1.360e-03
107.2,17:47:02,1.290e-03
108.3,17:47:03,1.230e-03
109.4,17:47:04,1.160e-03
110.6,17:47:05,1.100e-03
111.7,17:47:06,1.030e-03
112.9,17:47:07,9.840e-04
114.1,17:47:09,9.530e-04
115.2,17:47:10,9.210e-04
116.4,17:47:11,8.860e-04
117.5,17:47:12,8.550e-04
118.7,17:47:13,8.230e-04
119.8,17:47:14,7.880e-04
121.0,17:47:16,7.560e-04
122.1,17:47:17,7.250e-04
123.3,17:47:18,6.980e-04
124.4,17:47:19,6.780e-04
125.6,17:47:20,6.630e-04
126.7,17:47:21,6.470e-04
127.9,17:47:22,6.320e-04
129.0,17:47:24,6.160e-04
130.2,17:47:25,6.010e-04
131.3,17:47:26,5.830e-04
132.5,17:47:27,5.670e-04
133.6,17:47:28,5.520e-04
134.8,17:47:29,5.360e-04
135.9,17:47:30,5.210e-04
137.1,17:47:32,5.070e-04
138.2,17:47:33,4.920e-04
139.4,17:47:34,4.760e-04
140.5,17:47:35,4.630e-04
141.7,17:47:36,4.500e-04
142.8,17:47:37,4.340e-04
144.0,17:47:39,4.210e-04
145.1,17:47:40,4.050e-04
146.3,17:47:41,3.960e-04
147.4,17:47:42,3.910e-04
148.6,17:47:43,3.840e-04
149.8,17:47:44,3.790e-04
150.9,17:47:45,3.730e-04
152.1,17:47:47,3.670e-04
153.2,17:47:48,3.620e-04
154.4,17:47:49,3.560e-04
155.5,17:47:50,3.500e-04
156.7,17:47:51,3.450e-04
157.9,17:47:52,3.390e-04
159.0,17:47:54,3.330e-04
160.2,17:47:55,3.280e-04
161.3,17:47:56,3.220e-04
162.5,17:47:57,3.170e-04
163.7,17:47:58,3.120e-04
164.8,17:47:59,3.060e-04
166.0,17:48:01,3.010e-04
167.1,17:48:02,2.950e-04
168.3,17:48:03,2.900e-04
169.5,17:48:04,2.850e-04
170.6,17:48:05,2.790e-04
171.8,17:48:06,2.730e-04
172.9,17:48:07,2.690e-04
174.1,17:48:09,2.630e-04
175.2,17:48:10,2.580e-04
176.4,17:48:11,2.530e-04
177.5,17:48:12,2.470e-04
178.7,17:48:13,2.410e-04
179.8,17:48:14,2.370e-04
181.0,17:48:16,2.310e-04
182.1,17:48:17,2.260e-04
183.3,17:48:18,2.210e-04
184.4,17:48:19,2.160e-04
185.6,17:48:20,2.100e-04
186.7,17:48:21,2.060e-04
187.9,17:48:22,2.010e-04
189.0,17:48:24,1.980e-04
190.2,17:48:25,1.960e-04
191.3,17:48:26,1.950e-04
192.5,17:48:27,1.930e-04
193.6,17:48:28,1.910e-04
194.8,17:48:29,1.890e-04
196.0,17:48:31,1.870e-04
197.1,17:48:32,1.860e-04
198.3,17:48:33,1.840e-04
199.4,17:48:34,1.820e-04
200.6,17:48:35,1.800e-04
201.7,17:48:36,1.780e-04
202.9,17:48:37,1.750e-04
204.0,17:48:39,1.730e-04
205.2,17:48:40,1.710e-04
206.3,17:48:41,1.680e-04
207.5,17:48:42,1.660e-04
208.6,17:48:43,1.640e-04
209.8,17:48:44,1.620e-04
210.9,17:48:45,1.600e-04
212.1,17:48:47,1.580e-04
213.2,17:48:48,1.560e-04
214.4,17:48:49,1.540e-04
215.6,17:48:50,1.530e-04
216.7,17:48:51,1.510e-04
217.9,17:48:52,1.490e-04
219.0,17:48:54,1.470e-04
220.1,17:48:55,1.460e-04
221.3,17:48:56,1.440e-04
222.4,17:48:57,1.420e-04
223.6,17:48:58,1.400e-04
224.7,17:48:59,1.390e-04
225.9,17:49:00,1.370e-04
227.0,17:49:02,1.360e-04
228.2,17:49:03,1.340e-04
229.3,17:49:04,1.320e-04
230.4,17:49:05,1.310e-04
231.6,17:49:06,1.290e-04
232.8,17:49:07,1.280e-04
233.9,17:49:08,1.260e-04
235.0,17:49:10,1.240e-04
236.2,17:49:11,1.230e-04
237.3,17:49:12,1.210e-04
238.5,17:49:13,1.200e-04
239.6,17:49:14,1.180e-04
240.8,17:49:15,1.160e-04
241.9,17:49:16,1.150e-04
243.1,17:49:18,1.140e-04
244.2,17:49:19,1.120e-04
245.4,17:49:20,1.110e-04
246.5,17:49:21,1.090e-04
247.7,17:49:22,1.080e-04
248.8,17:49:23,1.060e-04
250.0,17:49:25,1.050e-04
251.1,17:49:26,1.030e-04
252.3,17:49:27,1.010e-04
253.4,17:49:28,1.000e-04
254.6,17:49:29,9.960e-05
255.7,17:49:30,9.900e-05
256.9,17:49:31,9.840e-05
258.0,17:49:33,9.790e-05
259.1,17:49:34,9.720e-05
260.3,17:49:35,9.660e-05
261.4,17:49:36,9.610e-05
262.6,17:49:37,9.540e-05
263.7,17:49:38,9.480e-05
264.9,17:49:39,9.420e-05
266.0,17:49:41,9.370e-05
267.2,17:49:42,9.300e-05
268.3,17:49:43,9.240e-05
269.5,17:49:44,9.180e-05
270.6,17:49:45,9.130e-05
271.8,17:49:46,9.070e-05
272.9,17:49:47,9.000e-05
274.1,17:49:49,8.940e-05
275.2,17:49:50,8.890e-05
276.4,17:49:51,8.830e-05
277.5,17:49:52,8.780e-05
278.7,17:49:53,8.720e-05
279.8,17:49:54,8.660e-05
281.0,17:49:56,8.590e-05
282.1,17:49:57,8.540e-05
283.3,17:49:58,8.500e-05
284.4,17:49:59,8.430e-05
285.6,17:50:00,8.380e-05
286.7,17:50:01,8.330e-05
287.9,17:50:02,8.270e-05
289.0,17:50:04,8.200e-05
290.2,17:50:05,8.160e-05
291.3,17:50:06,8.100e-05
292.5,17:50:07,8.050e-05
293.6,17:50:08,7.980e-05
294.8,17:50:09,7.930e-05
295.9,17:50:10,7.880e-05
297.1,17:50:12,7.820e-05
298.2,17:50:13,7.770e-05
299.4,17:50:14,7.710e-05
300.5,17:50:15,7.650e-05
301.7,17:50:16,7.600e-05
302.8,17:50:17,7.540e-05
304.0,17:50:19,7.500e-05
305.1,17:50:20,7.440e-05
306.3,17:50:21,7.390e-05
307.4,17:50:22,7.330e-05
308.6,17:50:23,7.270e-05
309.7,17:50:24,7.220e-05
310.9,17:50:25,7.180e-05
312.0,17:50:27,7.120e-05
313.2,17:50:28,7.060e-05
314.3,17:50:29,7.010e-05
315.5,17:50:30,6.970e-05
316.6,17:50:31,6.950e-05
317.8,17:50:32,6.920e-05
319.0,17:50:34,6.900e-05
320.1,17:50:35,6.870e-05
321.2,17:50:36,6.850e-05
322.4,17:50:37,6.820e-05
323.6,17:50:38,6.790e-05
324.7,17:50:39,6.770e-05
325.9,17:50:40,6.740e-05
327.0,17:50:42,6.710e-05
328.2,17:50:43,6.680e-05
329.3,17:50:44,6.660e-05
330.5,17:50:45,6.630e-05
331.6,17:50:46,6.600e-05
332.8,17:50:47,6.580e-05
333.9,17:50:48,6.550e-05
335.1,17:50:50,6.530e-05
336.2,17:50:51,6.500e-05
337.4,17:50:52,6.480e-05
338.5,17:50:53,6.450e-05
339.7,17:50:54,6.430e-05
340.8,17:50:55,6.400e-05
342.0,17:50:57,6.380e-05
343.1,17:50:58,6.350e-05
344.3,17:50:59,6.330e-05
345.5,17:51:00,6.300e-05
346.6,17:51:01,6.280e-05
347.7,17:51:02,6.250e-05
348.9,17:51:03,6.230e-05
350.0,17:51:05,6.200e-05
351.2,17:51:06,6.180e-05
352.4,17:51:07,6.150e-05
353.5,17:51:08,6.130e-05
354.7,17:51:09,6.100e-05
355.8,17:51:10,6.080e-05
357.0,17:51:12,6.050e-05
358.1,17:51:13,6.030e-05
359.3,17:51:14,6.000e-05
360.4,17:51:15,5.980e-05
361.6,17:51:16,5.960e-05
362.7,17:51:17,5.930e-05
363.9,17:51:18,5.910e-05
365.1,17:51:20,5.880e-05
366.2,17:51:21,5.860e-05
367.4,17:51:22,5.830e-05
368.5,17:51:23,5.810e-05
369.7,17:51:24,5.790e-05
370.8,17:51:25,5.760e-05
372.0,17:51:27,5.740e-05
373.1,17:51:28,5.710e-05
374.3,17:51:29,5.690e-05
375.4,17:51:30,5.670e-05
376.6,17:51:31,5.650e-05
377.7,17:51:32,5.630e-05
378.9,17:51:33,5.600e-05
380.0,17:51:35,5.580e-05
381.2,17:51:36,5.560e-05
382.4,17:51:37,5.540e-05
383.5,17:51:38,5.510e-05
384.7,17:51:39,5.490e-05
385.8,17:51:40,5.460e-05
387.0,17:51:42,5.440e-05
388.1,17:51:43,5.420e-05
389.3,17:51:44,5.400e-05
390.4,17:51:45,5.380e-05
391.6,17:51:46,5.350e-05
392.8,17:51:47,5.340e-05
393.9,17:51:48,5.310e-05
395.1,17:51:50,5.290e-05
396.2,17:51:51,5.270e-05
397.4,17:51:52,5.240e-05
398.5,17:51:53,5.220e-05
399.7,17:51:54,5.200e-05
400.8,17:51:55,5.180e-05
402.0,17:51:57,5.160e-05
403.1,17:51:58,5.140e-05
404.3,17:51:59,5.120e-05
405.5,17:52:00,5.090e-05
406.6,17:52:01,5.070e-05
407.8,17:52:02,5.040e-05
408.9,17:52:03,5.020e-05
410.1,17:52:05,5.010e-05
411.2,17:52:06,4.980e-05
412.4,17:52:07,4.960e-05
413.5,17:52:08,4.940e-05
414.7,17:52:09,4.920e-05
415.8,17:52:10,4.890e-05
417.0,17:52:12,4.880e-05
418.1,17:52:13,4.860e-05
419.3,17:52:14,4.840e-05
420.5,17:52:15,4.820e-05
421.6,17:52:16,4.790e-05
422.8,17:52:17,4.770e-05
423.9,17:52:18,4.750e-05
425.1,17:52:20,4.730e-05
426.2,17:52:21,4.720e-05
427.4,17:52:22,4.690e-05
428.5,17:52:23,4.670e-05
429.7,17:52:24,4.650e-05
430.8,17:52:25,4.640e-05
432.0,17:52:27,4.620e-05
433.1,17:52:28,4.590e-05
434.3,17:52:29,4.570e-05
435.4,17:52:30,4.560e-05
436.6,17:52:31,4.540e-05
437.7,17:52:32,4.520e-05
438.9,17:52:33,4.490e-05
440.0,17:52:35,4.470e-05
441.2,17:52:36,4.460e-05
442.3,17:52:37,4.440e-05
443.5,17:52:38,4.420e-05
444.6,17:52:39,4.400e-05
445.8,17:52:40,4.380e-05
446.9,17:52:41,4.360e-05
448.0,17:52:43,4.350e-05
449.2,17:52:44,4.320e-05
450.3,17:52:45,4.310e-05
451.5,17:52:46,4.290e-05
452.6,17:52:47,4.270e-05
453.8,17:52:48,4.250e-05
454.9,17:52:49,4.230e-05
456.1,17:52:51,4.220e-05
457.2,17:52:52,4.200e-05
458.3,17:52:53,4.180e-05
459.5,17:52:54,4.160e-05
460.6,17:52:55,4.140e-05
461.8,17:52:56,4.120e-05
462.9,17:52:57,4.100e-05
464.1,17:52:59,4.080e-05
465.2,17:53:00,4.070e-05
466.4,17:53:01,4.050e-05
467.5,17:53:02,4.020e-05
468.7,17:53:03,4.000e-05
469.8,17:53:04,3.990e-05
471.0,17:53:06,3.980e-05
472.1,17:53:07,3.980e-05
473.3,17:53:08,3.970e-05
474.4,17:53:09,3.960e-05
475.6,17:53:10,3.960e-05
476.7,17:53:11,3.950e-05
477.9,17:53:12,3.940e-05
479.0,17:53:14,3.930e-05
480.2,17:53:15,3.920e-05
481.3,17:53:16,3.920e-05
482.5,17:53:17,3.910e-05
483.6,17:53:18,3.900e-05
484.8,17:53:19,3.890e-05
485.9,17:53:20,3.880e-05
487.1,17:53:22,3.870e-05
488.2,17:53:23,3.870e-05
489.4,17:53:24,3.860e-05
490.5,17:53:25,3.850e-05
491.7,17:53:26,3.840e-05
492.8,17:53:27,3.830e-05
494.0,17:53:29,3.830e-05
495.1,17:53:30,3.820e-05
496.3,17:53:31,3.810e-05
497.4,17:53:32,3.810e-05
498.6,17:53:33,3.800e-05
499.7,17:53:34,3.790e-05
500.9,17:53:35,3.780e-05
502.0,17:53:37,3.770e-05
503.1,17:53:38,3.760e-05
504.3,17:53:39,3.760e-05
505.4,17:53:40,3.750e-05
506.6,17:53:41,3.740e-05
507.7,17:53:42,3.730e-05
508.9,17:53:43,3.730e-05
510.0,17:53:45,3.720e-05
511.2,17:53:46,3.710e-05
512.3,17:53:47,3.710e-05
513.5,17:53:48,3.700e-05
514.6,17:53:49,3.690e-05
515.8,17:53:50,3.680e-05
516.9,17:53:51,3.680e-05
518.1,17:53:53,3.670e-05
519.3,17:53:54,3.660e-05
520.4,17:53:55,3.660e-05
521.6,17:53:56,3.650e-05
522.7,17:53:57,3.640e-05
523.8,17:53:58,3.630e-05
525.0,17:54:00,3.620e-05
526.1,17:54:01,3.620e-05
527.3,17:54:02,3.610e-05
528.5,17:54:03,3.600e-05
529.6,17:54:04,3.600e-05
530.7,17:54:05,3.590e-05
531.9,17:54:06,3.580e-05
533.1,17:54:08,3.570e-05
534.2,17:54:09,3.570e-05
535.4,17:54:10,3.560e-05
536.5,17:54:11,3.550e-05
537.7,17:54:12,3.550e-05
538.8,17:54:13,3.540e-05
540.0,17:54:15,3.530e-05
541.1,17:54:16,3.520e-05
542.3,17:54:17,3.510e-05
543.4,17:54:18,3.510e-05
544.5,17:54:19,3.500e-05
545.7,17:54:20,3.490e-05
546.9,17:54:21,3.490e-05
548.0,17:54:23,3.480e-05
549.1,17:54:24,3.470e-05
550.3,17:54:25,3.470e-05
551.4,17:54:26,3.460e-05
552.6,17:54:27,3.450e-05
553.7,17:54:28,3.450e-05
554.9,17:54:29,3.440e-05
556.0,17:54:31,3.430e-05
557.2,17:54:32,3.430e-05
558.3,17:54:33,3.420e-05
559.5,17:54:34,3.410e-05
560.6,17:54:35,3.400e-05
561.8,17:54:36,3.400e-05
563.0,17:54:38,3.390e-05
564.1,17:54:39,3.390e-05
565.2,17:54:40,3.380e-05
566.4,17:54:41,3.370e-05
567.6,17:54:42,3.360e-05
568.7,17:54:43,3.360e-05
569.9,17:54:44,3.350e-05
571.0,17:54:46,3.340e-05
572.1,17:54:47,3.340e-05
573.3,17:54:48,3.330e-05
574.4,17:54:49,3.330e-05
575.6,17:54:50,3.320e-05
576.7,17:54:51,3.310e-05
577.9,17:54:52,3.300e-05
579.1,17:54:54,3.300e-05
580.2,17:54:55,3.290e-05
581.3,17:54:56,3.290e-05
582.5,17:54:57,3.280e-05
583.7,17:54:58,3.270e-05
584.8,17:54:59,3.270e-05
585.9,17:55:00,3.260e-05
587.1,17:55:02,3.250e-05
588.2,17:55:03,3.250e-05
589.4,17:55:04,3.240e-05
590.5,17:55:05,3.240e-05
591.7,17:55:06,3.230e-05
592.8,17:55:07,3.220e-05
594.0,17:55:09,3.220e-05
595.1,17:55:10,3.210e-05
596.3,17:55:11,3.200e-05
597.4,17:55:12,3.200e-05
598.6,17:55:13,3.190e-05
599.7,17:55:14,3.180e-05
600.9,17:55:15,3.180e-05
602.0,17:55:17,3.170e-05
603.2,17:55:18,3.170e-05
604.3,17:55:19,3.160e-05
605.5,17:55:20,3.150e-05
606.6,17:55:21,3.150e-05
607.8,17:55:22,3.140e-05
608.9,17:55:23,3.130e-05
610.1,17:55:25,3.130e-05
611.2,17:55:26,3.120e-05
612.4,17:55:27,3.110e-05
613.5,17:55:28,3.110e-05
614.7,17:55:29,3.100e-05
615.8,17:55:30,3.100e-05
617.0,17:55:32,3.090e-05
618.1,17:55:33,3.080e-05
619.3,17:55:34,3.080e-05
620.4,17:55:35,3.070e-05
621.6,17:55:36,3.070e-05
622.7,17:55:37,3.060e-05
623.9,17:55:38,3.050e-05
625.0,17:55:40,3.050e-05
626.2,17:55:41,3.040e-05
627.3,17:55:42,3.030e-05
628.5,17:55:43,3.030e-05
629.6,17:55:44,3.030e-05
630.8,17:55:45,3.020e-05
632.0,17:55:47,3.010e-05
633.1,17:55:48,3.000e-05
634.3,17:55:49,3.000e-05
635.4,17:55:50,2.990e-05
636.6,17:55:51,2.990e-05
637.7,17:55:52,2.980e-05
638.9,17:55:53,2.970e-05
640.0,17:55:55,2.970e-05
641.2,17:55:56,2.960e-05
642.3,17:55:57,2.960e-05
643.5,17:55:58,2.950e-05
644.6,17:55:59,2.950e-05
645.8,17:56:00,2.940e-05
646.9,17:56:01,2.930e-05
648.1,17:56:03,2.930e-05
649.2,17:56:04,2.920e-05
650.4,17:56:05,2.920e-05
651.5,17:56:06,2.910e-05
652.7,17:56:07,2.910e-05
653.9,17:56:08,2.900e-05
655.0,17:56:10,2.900e-05
656.2,17:56:11,2.890e-05
657.3,17:56:12,2.880e-05
658.5,17:56:13,2.880e-05
659.6,17:56:14,2.870e-05
660.8,17:56:15,2.870e-05
661.9,17:56:16,2.860e-05
663.1,17:56:18,2.850e-05
664.2,17:56:19,2.850e-05
665.4,17:56:20,2.850e-05
666.5,17:56:21,2.840e-05
667.7,17:56:22,2.840e-05
668.8,17:56:23,2.830e-05
670.0,17:56:25,2.820e-05
671.2,17:56:26,2.820e-05
672.3,17:56:27,2.810e-05
673.5,17:56:28,2.810e-05
674.6,17:56:29,2.800e-05
675.8,17:56:30,2.800e-05
676.9,17:56:31,2.790e-05
678.1,17:56:33,2.790e-05
679.2,17:56:34,2.780e-05
680.4,17:56:35,2.780e-05
681.5,17:56:36,2.770e-05
682.7,17:56:37,2.760e-05
683.9,17:56:38,2.760e-05
685.0,17:56:40,2.750e-05
686.1,17:56:41,2.750e-05
687.3,17:56:42,2.750e-05
688.5,17:56:43,2.740e-05
689.6,17:56:44,2.730e-05
690.8,17:56:45,2.730e-05
691.9,17:56:46,2.720e-05
693.1,17:56:48,2.720e-05
694.2,17:56:49,2.710e-05
695.4,17:56:50,2.710e-05
696.5,17:56:51,2.700e-05
697.7,17:56:52,2.700e-05
698.8,17:56:53,2.690e-05
700.0,17:56:55,2.690e-05
701.2,17:56:56,2.680e-05
702.3,17:56:57,2.680e-05
703.5,17:56:58,2.670e-05
704.6,17:56:59,2.670e-05
705.8,17:57:00,2.660e-05
706.9,17:57:01,2.660e-05
708.1,17:57:03,2.650e-05
709.2,17:57:04,2.640e-05
710.4,17:57:05,2.640e-05
711.5,17:57:06,2.640e-05
712.7,17:57:07,2.630e-05
713.8,17:57:08,2.630e-05
715.0,17:57:10,2.620e-05
716.1,17:57:11,2.620e-05
717.3,17:57:12,2.610e-05
718.4,17:57:13,2.600e-05
719.6,17:57:14,2.600e-05
720.8,17:57:15,2.590e-05
721.9,17:57:16,2.590e-05
723.1,17:57:18,2.590e-05
724.2,17:57:19,2.580e-05
725.4,17:57:20,2.580e-05
726.5,17:57:21,2.570e-05
727.7,17:57:22,2.570e-05
728.8,17:57:23,2.560e-05
730.0,17:57:25,2.560e-05
731.1,17:57:26,2.550e-05
732.3,17:57:27,2.540e-05
733.4,17:57:28,2.540e-05
734.6,17:57:29,2.540e-05
735.7,17:57:30,2.530e-05
736.9,17:57:31,2.530e-05
738.0,17:57:33,2.520e-05
739.2,17:57:34,2.520e-05
740.4,17:57:35,2.510e-05
741.5,17:57:36,2.510e-05
742.7,17:57:37,2.500e-05
743.8,17:57:38,2.490e-05
745.0,17:57:40,2.490e-05
746.1,17:57:41,2.490e-05
747.3,17:57:42,2.480e-05
748.4,17:57:43,2.480e-05
749.6,17:57:44,2.470e-05
750.7,17:57:45,2.470e-05
751.9,17:57:46,2.460e-05
753.0,17:57:48,2.460e-05
754.2,17:57:49,2.450e-05
755.3,17:57:50,2.450e-05
756.5,17:57:51,2.440e-05
757.6,17:57:52,2.440e-05
758.8,17:57:53,2.430e-05
760.0,17:57:55,2.430e-05
761.1,17:57:56,2.420e-05
762.3,17:57:57,2.420e-05
763.4,17:57:58,2.420e-05
764.6,17:57:59,2.410e-05
765.7,17:58:00,2.400e-05
766.9,17:58:01,2.400e-05
768.0,17:58:03,2.390e-05
769.2,17:58:04,2.390e-05
770.3,17:58:05,2.380e-05
771.5,17:58:06,2.380e-05
772.6,17:58:07,2.380e-05
773.8,17:58:08,2.370e-05
774.9,17:58:09,2.370e-05
776.1,17:58:11,2.360e-05
777.2,17:58:12,2.360e-05
778.4,17:58:13,2.350e-05
779.5,17:58:14,2.350e-05
780.7,17:58:15,2.340e-05
781.8,17:58:16,2.340e-05
783.0,17:58:18,2.330e-05
784.2,17:58:19,2.330e-05
785.3,17:58:20,2.330e-05
786.5,17:58:21,2.320e-05
787.6,17:58:22,2.320e-05
788.8,17:58:23,2.310e-05
789.9,17:58:24,2.310e-05
791.1,17:58:26,2.300e-05
792.2,17:58:27,2.300e-05
793.4,17:58:28,2.290e-05
794.5,17:58:29,2.290e-05
795.7,17:58:30,2.280e-05
796.9,17:58:31,2.280e-05
798.0,17:58:33,2.270e-05
799.2,17:58:34,2.270e-05
800.3,17:58:35,2.270e-05
801.5,17:58:36,2.260e-05
802.7,17:58:37,2.260e-05
803.8,17:58:38,2.250e-05
805.0,17:58:40,2.250e-05
806.1,17:58:41,2.240e-05
807.3,17:58:42,2.240e-05
808.4,17:58:43,2.240e-05
809.6,17:58:44,2.230e-05
810.7,17:58:45,2.230e-05
811.9,17:58:46,2.220e-05
813.0,17:58:48,2.220e-05
814.2,17:58:49,2.220e-05
815.4,17:58:50,2.210e-05
816.5,17:58:51,2.210e-05
817.7,17:58:52,2.200e-05
818.8,17:58:53,2.200e-05
820.0,17:58:55,2.190e-05
821.1,17:58:56,2.190e-05
822.3,17:58:57,2.190e-05
823.4,17:58:58,2.180e-05
824.6,17:58:59,2.180e-05
825.7,17:59:00,2.170e-05
826.9,17:59:01,2.170e-05
828.0,17:59:03,2.170e-05
829.2,17:59:04,2.160e-05
830.4,17:59:05,2.160e-05
831.5,17:59:06,2.150e-05
832.7,17:59:07,2.150e-05
833.8,17:59:08,2.140e-05
835.0,17:59:10,2.140e-05
836.1,17:59:11,2.130e-05
837.3,17:59:12,2.130e-05
838.5,17:59:13,2.120e-05
839.6,17:59:14,2.120e-05
840.8,17:59:15,2.120e-05
841.9,17:59:16,2.110e-05
843.1,17:59:18,2.110e-05
844.2,17:59:19,2.110e-05
845.4,17:59:20,2.100e-05
846.5,17:59:21,2.100e-05
847.7,17:59:22,2.090e-05
848.8,17:59:23,2.090e-05
850.0,17:59:25,2.080e-05
851.1,17:59:26,2.080e-05
852.3,17:59:27,2.070e-05
853.4,17:59:28,2.070e-05
854.6,17:59:29,2.060e-05
855.8,17:59:30,2.060e-05
856.9,17:59:31,2.060e-05
858.1,17:59:33,2.050e-05
859.2,17:59:34,2.050e-05
860.4,17:59:35,2.050e-05
861.5,17:59:36,2.040e-05
862.7,17:59:37,2.040e-05
863.8,17:59:38,2.030e-05
865.0,17:59:40,2.030e-05
866.1,17:59:41,2.030e-05
867.3,17:59:42,2.020e-05
868.5,17:59:43,2.020e-05
869.6,17:59:44,2.010e-05
870.8,17:59:45,2.010e-05
871.9,17:59:46,2.010e-05
873.1,17:59:48,2.000e-05
874.2,17:59:49,2.000e-05
875.4,17:59:50,2.000e-05
876.5,17:59:51,1.990e-05
877.7,17:59:52,1.990e-05
878.8,17:59:53,1.990e-05
880.0,17:59:55,1.990e-05
881.1,17:59:56,1.990e-05
882.3,17:59:57,1.980e-05
883.4,17:59:58,1.980e-05
884.6,17:59:59,1.980e-05
885.7,18:00:00,1.980e-05
886.9,18:00:01,1.970e-05
888.0,18:00:03,1.970e-05
889.2,18:00:04,1.970e-05
890.3,18:00:05,1.970e-05
891.5,18:00:06,1.970e-05
892.6,18:00:07,1.970e-05
893.8,18:00:08,1.960e-05
894.9,18:00:09,1.960e-05
896.0,18:00:11,1.960e-05
897.2,18:00:12,1.960e-05
898.3,18:00:13,1.960e-05
899.4,18:00:14,1.950e-05
900.6,18:00:15,1.950e-05
901.7,18:00:16,1.950e-05
902.9,18:00:17,1.950e-05
904.0,18:00:19,1.950e-05
905.2,18:00:20,1.940e-05
906.3,18:00:21,1.940e-05
907.5,18:00:22,1.940e-05
908.6,18:00:23,1.940e-05
909.8,18:00:24,1.940e-05
910.9,18:00:25,1.930e-05
912.1,18:00:27,1.930e-05
913.2,18:00:28,1.930e-05
914.4,18:00:29,1.930e-05
915.5,18:00:30,1.930e-05
916.7,18:00:31,1.920e-05
917.8,18:00:32,1.920e-05
919.0,18:00:34,1.920e-05
920.1,18:00:35,1.920e-05
921.2,18:00:36,1.920e-05
922.4,18:00:37,1.920e-05
923.5,18:00:38,1.910e-05
924.7,18:00:39,1.910e-05
925.8,18:00:40,1.910e-05
927.0,18:00:42,1.910e-05
928.1,18:00:43,1.910e-05
929.3,18:00:44,1.900e-05
930.4,18:00:45,1.900e-05
931.6,18:00:46,1.900e-05
932.8,18:00:47,1.900e-05
933.9,18:00:48,1.900e-05
935.0,18:00:50,1.890e-05
936.2,18:00:51,1.890e-05
937.3,18:00:52,1.890e-05
938.5,18:00:53,1.890e-05
939.6,18:00:54,1.890e-05
940.8,18:00:55,1.880e-05
941.9,18:00:56,1.880e-05
943.0,18:00:58,1.880e-05
944.2,18:00:59,1.880e-05
945.4,18:01:00,1.880e-05
946.5,18:01:01,1.870e-05
947.6,18:01:02,1.870e-05
948.8,18:01:03,1.870e-05
949.9,18:01:04,1.870e-05
951.1,18:01:06,1.870e-05
952.2,18:01:07,1.860e-05
953.4,18:01:08,1.860e-05
954.5,18:01:09,1.860e-05
955.7,18:01:10,1.860e-05
956.9,18:01:11,1.860e-05
958.0,18:01:13,1.860e-05
959.1,18:01:14,1.850e-05
960.3,18:01:15,1.850e-05
961.4,18:01:16,1.850e-05
962.6,18:01:17,1.850e-05
963.7,18:01:18,1.850e-05
964.9,18:01:19,1.850e-05
966.0,18:01:21,1.840e-05
967.2,18:01:22,1.840e-05
968.3,18:01:23,1.840e-05
969.5,18:01:24,1.840e-05
970.6,18:01:25,1.840e-05
971.8,18:01:26,1.830e-05
972.9,18:01:27,1.830e-05
974.1,18:01:29,1.830e-05
975.2,18:01:30,1.830e-05
976.4,18:01:31,1.830e-05
977.5,18:01:32,1.830e-05
978.7,18:01:33,1.820e-05
979.8,18:01:34,1.820e-05
981.0,18:01:36,1.820e-05
982.1,18:01:37,1.820e-05
983.3,18:01:38,1.820e-05
984.4,18:01:39,1.810e-05
985.6,18:01:40,1.810e-05
986.7,18:01:41,1.810e-05
987.9,18:01:42,1.810e-05
989.0,18:01:44,1.810e-05
990.2,18:01:45,1.810e-05
991.3,18:01:46,1.800e-05
992.5,18:01:47,1.800e-05
993.6,18:01:48,1.800e-05
994.8,18:01:49,1.800e-05
995.9,18:01:50,1.800e-05
997.1,18:01:52,1.800e-05
998.2,18:01:53,1.790e-05
999.4,18:01:54,1.790e-05
1000.5,18:01:55,1.790e-05
1001.7,18:01:56,1.790e-05
1002.8,18:01:57,1.790e-05
1004.0,18:01:59,1.780e-05
1005.1,18:02:00,1.780e-05
1006.3,18:02:01,1.780e-05
1007.4,18:02:02,1.780e-05
1008.6,18:02:03,1.780e-05
1009.7,18:02:04,1.780e-05
1010.9,18:02:05,1.770e-05
1012.0,18:02:07,1.770e-05
1013.2,18:02:08,1.770e-05
1014.3,18:02:09,1.770e-05
1015.5,18:02:10,1.770e-05
1016.6,18:02:11,1.770e-05
1017.8,18:02:12,1.760e-05
1018.9,18:02:13,1.760e-05
1020.1,18:02:15,1.760e-05
1021.2,18:02:16,1.760e-05
1022.4,18:02:17,1.760e-05
1023.5,18:02:18,1.750e-05
1024.7,18:02:19,1.750e-05
1025.8,18:02:20,1.750e-05
1027.0,18:02:22,1.750e-05
1028.1,18:02:23,1.750e-05
1029.3,18:02:24,1.750e-05
1030.4,18:02:25,1.750e-05
1031.6,18:02:26,1.740e-05
1032.7,18:02:27,1.740e-05
1033.9,18:02:28,1.740e-05
1035.0,18:02:30,1.740e-05
1036.2,18:02:31,1.740e-05
1037.3,18:02:32,1.730e-05
1038.5,18:02:33,1.730e-05
1039.6,18:02:34,1.730e-05
1040.8,18:02:35,1.730e-05
1041.9,18:02:36,1.730e-05
1043.1,18:02:38,1.730e-05
1044.2,18:02:39,1.720e-05
1045.4,18:02:40,1.720e-05
1046.5,18:02:41,1.720e-05
1047.6,18:02:42,1.720e-05
1048.8,18:02:43,1.720e-05
1049.9,18:02:44,1.720e-05
1051.1,18:02:46,1.710e-05
1052.2,18:02:47,1.710e-05
1053.4,18:02:48,1.710e-05
1054.5,18:02:49,1.710e-05
1055.7,18:02:50,1.710e-05
1056.8,18:02:51,1.710e-05
1058.0,18:02:53,1.700e-05
1059.1,18:02:54,1.700e-05
1060.3,18:02:55,1.700e-05
1061.4,18:02:56,1.700e-05
1062.6,18:02:57,1.700e-05
1063.7,18:02:58,1.700e-05
1064.9,18:02:59,1.700e-05
1066.0,18:03:01,1.700e-05
1067.2,18:03:02,1.690e-05
1068.4,18:03:03,1.690e-05
1069.5,18:03:04,1.690e-05
1070.7,18:03:05,1.690e-05
1071.8,18:03:06,1.690e-05
1072.9,18:03:07,1.690e-05
1074.1,18:03:09,1.680e-05
1075.2,18:03:10,1.680e-05
1076.4,18:03:11,1.680e-05
1077.5,18:03:12,1.680e-05
1078.7,18:03:13,1.680e-05
1079.9,18:03:14,1.680e-05
1081.0,18:03:16,1.670e-05
1082.1,18:03:17,1.670e-05
1083.3,18:03:18,1.670e-05
1084.4,18:03:19,1.670e-05
1085.6,18:03:20,1.670e-05
1086.8,18:03:21,1.670e-05
1087.9,18:03:22,1.670e-05
1089.1,18:03:24,1.660e-05
1090.2,18:03:25,1.660e-05
1091.4,18:03:26,1.660e-05
1092.5,18:03:27,1.660e-05
1093.7,18:03:28,1.660e-05
1094.8,18:03:29,1.660e-05
1096.0,18:03:31,1.650e-05
1097.2,18:03:32,1.650e-05
1098.3,18:03:33,1.650e-05
1099.4,18:03:34,1.650e-05
1100.6,18:03:35,1.650e-05
1101.7,18:03:36,1.650e-05
1102.9,18:03:37,1.640e-05
1104.0,18:03:39,1.640e-05
1105.2,18:03:40,1.640e-05
1106.3,18:03:41,1.640e-05
1107.5,18:03:42,1.640e-05
1108.6,18:03:43,1.640e-05
1109.8,18:03:44,1.640e-05
1110.9,18:03:45,1.640e-05
1112.1,18:03:47,1.630e-05
1113.2,18:03:48,1.630e-05
1114.4,18:03:49,1.630e-05
1115.5,18:03:50,1.630e-05
1116.7,18:03:51,1.630e-05
1117.8,18:03:52,1.630e-05
1119.0,18:03:54,1.630e-05
1120.2,18:03:55,1.620e-05
1121.3,18:03:56,1.620e-05
1122.4,18:03:57,1.620e-05
1123.6,18:03:58,1.620e-05
1124.8,18:03:59,1.620e-05
1125.9,18:04:00,1.620e-05
1127.1,18:04:02,1.620e-05
1128.2,18:04:03,1.610e-05
1129.4,18:04:04,1.610e-05
1130.5,18:04:05,1.610e-05
1131.7,18:04:06,1.610e-05
1132.8,18:04:07,1.610e-05
1134.0,18:04:09,1.610e-05
1135.1,18:04:10,1.610e-05
1136.3,18:04:11,1.600e-05
1137.4,18:04:12,1.600e-05
1138.6,18:04:13,1.600e-05
1139.7,18:04:14,1.600e-05
1140.9,18:04:15,1.600e-05
1142.0,18:04:17,1.600e-05
1143.2,18:04:18,1.600e-05
1144.3,18:04:19,1.590e-05
1145.5,18:04:20,1.590e-05
1146.6,18:04:21,1.590e-05
1147.8,18:04:22,1.590e-05
1148.9,18:04:23,1.590e-05
1150.1,18:04:25,1.590e-05
1151.2,18:04:26,1.590e-05
1152.4,18:04:27,1.590e-05
1153.5,18:04:28,1.590e-05
1154.7,18:04:29,1.580e-05
1155.8,18:04:30,1.580e-05
1157.0,18:04:32,1.580e-05
1158.1,18:04:33,1.580e-05
1159.3,18:04:34,1.580e-05
1160.4,18:04:35,1.580e-05
1161.6,18:04:36,1.580e-05
1162.7,18:04:37,1.570e-05
1163.9,18:04:38,1.570e-05
1165.1,18:04:40,1.570e-05
1166.2,18:04:41,1.570e-05
1167.4,18:04:42,1.570e-05
1168.5,18:04:43,1.570e-05
1169.7,18:04:44,1.570e-05
1170.8,18:04:45,1.560e-05
1172.0,18:04:47,1.560e-05
1173.1,18:04:48,1.560e-05
1174.2,18:04:49,1.560e-05
1175.4,18:04:50,1.560e-05
1176.6,18:04:51,1.560e-05
1177.7,18:04:52,1.560e-05
1178.9,18:04:53,1.560e-05
1180.0,18:04:55,1.550e-05
1181.1,18:04:56,1.550e-05
1182.3,18:04:57,1.550e-05
1183.4,18:04:58,1.550e-05
1184.6,18:04:59,1.550e-05
1185.7,18:05:00,1.550e-05
1186.9,18:05:01,1.540e-05
1188.0,18:05:03,1.540e-05
1189.2,18:05:04,1.540e-05
1190.3,18:05:05,1.540e-05
1191.5,18:05:06,1.540e-05
1192.6,18:05:07,1.540e-05
1193.8,18:05:08,1.540e-05
1194.9,18:05:09,1.540e-05
1196.1,18:05:11,1.530e-05
1197.3,18:05:12,1.530e-05
1198.4,18:05:13,1.530e-05
1199.6,18:05:14,1.530e-05
1200.7,18:05:15,1.530e-05
1201.8,18:05:16,1.530e-05
1203.0,18:05:18,1.530e-05
1204.2,18:05:19,1.530e-05
1205.3,18:05:20,1.520e-05
1206.5,18:05:21,1.520e-05
1207.6,18:05:22,1.520e-05
1208.8,18:05:23,1.520e-05
1209.9,18:05:24,1.520e-05
1211.1,18:05:26,1.520e-05
1212.2,18:05:27,1.520e-05
1213.4,18:05:28,1.520e-05
1214.5,18:05:29,1.520e-05
1215.7,18:05:30,1.510e-05
1216.8,18:05:31,1.510e-05
1218.0,18:05:33,1.510e-05
1219.1,18:05:34,1.510e-05
1220.3,18:05:35,1.510e-05
1221.4,18:05:36,1.510e-05
1222.6,18:05:37,1.510e-05
1223.7,18:05:38,1.510e-05
1224.9,18:05:39,1.500e-05
1226.1,18:05:41,1.500e-05
1227.2,18:05:42,1.500e-05
1228.4,18:05:43,1.500e-05
1229.5,18:05:44,1.500e-05
1230.7,18:05:45,1.500e-05
1231.8,18:05:46,1.500e-05
1233.0,18:05:48,1.490e-05
1234.1,18:05:49,1.490e-05
1235.3,18:05:50,1.490e-05
1236.4,18:05:51,1.490e-05
1237.6,18:05:52,1.490e-05
1238.7,18:05:53,1.490e-05
1239.9,18:05:54,1.490e-05
1241.0,18:05:56,1.490e-05
1242.2,18:05:57,1.480e-05
1243.3,18:05:58,1.480e-05
1244.5,18:05:59,1.480e-05
1245.6,18:06:00,1.480e-05
1246.8,18:06:01,1.480e-05
1247.9,18:06:02,1.480e-05
1249.1,18:06:04,1.480e-05
1250.3,18:06:05,1.480e-05
1251.4,18:06:06,1.480e-05
1252.6,18:06:07,1.480e-05
1253.7,18:06:08,1.470e-05
1254.9,18:06:09,1.470e-05
1256.0,18:06:11,1.470e-05
1257.2,18:06:12,1.470e-05
1258.3,18:06:13,1.470e-05
1259.5,18:06:14,1.470e-05
1260.6,18:06:15,1.470e-05
1261.8,18:06:16,1.460e-05
1262.9,18:06:17,1.460e-05
1264.1,18:06:19,1.460e-05
1265.2,18:06:20,1.460e-05
1266.4,18:06:21,1.460e-05
1267.5,18:06:22,1.460e-05
1268.7,18:06:23,1.460e-05
1269.8,18:06:24,1.460e-05
1271.0,18:06:26,1.460e-05
1272.1,18:06:27,1.450e-05
1273.3,18:06:28,1.450e-05
1274.4,18:06:29,1.450e-05
1275.6,18:06:30,1.450e-05
1276.7,18:06:31,1.450e-05
1277.9,18:06:32,1.450e-05
1279.0,18:06:34,1.450e-05
1280.2,18:06:35,1.450e-05
1281.3,18:06:36,1.440e-05
1282.5,18:06:37,1.440e-05
1283.6,18:06:38,1.440e-05
1284.8,18:06:39,1.440e-05
1285.9,18:06:40,1.440e-05
1287.1,18:06:42,1.440e-05
1288.2,18:06:43,1.440e-05
1289.4,18:06:44,1.440e-05
1290.5,18:06:45,1.430e-05
1291.7,18:06:46,1.430e-05
1292.9,18:06:47,1.430e-05
1294.0,18:06:49,1.430e-05
1295.2,18:06:50,1.430e-05
1296.3,18:06:51,1.430e-05
1297.5,18:06:52,1.430e-05
1298.6,18:06:53,1.430e-05
1299.8,18:06:54,1.430e-05
1300.9,18:06:55,1.420e-05
1302.1,18:06:57,1.420e-05
1303.2,18:06:58,1.420e-05
1304.4,18:06:59,1.420e-05
1305.5,18:07:00,1.420e-05
1306.7,18:07:01,1.420e-05
1307.8,18:07:02,1.420e-05
1309.0,18:07:04,1.420e-05
1310.1,18:07:05,1.420e-05
1311.3,18:07:06,1.410e-05
1312.4,18:07:07,1.410e-05
1313.6,18:07:08,1.410e-05
1314.7,18:07:09,1.410e-05
1315.9,18:07:10,1.410e-05
1317.0,18:07:12,1.410e-05
1318.2,18:07:13,1.410e-05
1319.3,18:07:14,1.410e-05
1320.5,18:07:15,1.400e-05
1321.6,18:07:16,1.400e-05
1322.8,18:07:17,1.400e-05
1323.9,18:07:18,1.400e-05
1325.1,18:07:20,1.400e-05
1326.2,18:07:21,1.400e-05
1327.4,18:07:22,1.400e-05
1328.5,18:07:23,1.400e-05
1329.7,18:07:24,1.390e-05
1330.8,18:07:25,1.390e-05
1332.0,18:07:27,1.390e-05
1333.2,18:07:28,1.390e-05
1334.3,18:07:29,1.390e-05
1335.5,18:07:30,1.390e-05
1336.6,18:07:31,1.390e-05
1337.8,18:07:32,1.390e-05
1338.9,18:07:33,1.390e-05
1340.1,18:07:35,1.380e-05
1341.2,18:07:36,1.380e-05
1342.4,18:07:37,1.380e-05
1343.5,18:07:38,1.380e-05
1344.7,18:07:39,1.380e-05
1345.8,18:07:40,1.380e-05
1347.0,18:07:42,1.380e-05
1348.1,18:07:43,1.380e-05
1349.3,18:07:44,1.380e-05
1350.4,18:07:45,1.370e-05
1351.6,18:07:46,1.370e-05
1352.7,18:07:47,1.370e-05
1353.9,18:07:48,1.370e-05
1355.0,18:07:50,1.370e-05
1356.2,18:07:51,1.370e-05
1357.3,18:07:52,1.370e-05
1358.5,18:07:53,1.370e-05
1359.7,18:07:54,1.370e-05
1360.8,18:07:55,1.370e-05
1362.0,18:07:57,1.360e-05
1363.1,18:07:58,1.360e-05
1364.3,18:07:59,1.360e-05
1365.4,18:08:00,1.360e-05
1366.6,18:08:01,1.360e-05
1367.7,18:08:02,1.360e-05
1368.9,18:08:03,1.360e-05
1370.0,18:08:05,1.360e-05
1371.2,18:08:06,1.360e-05
1372.3,18:08:07,1.350e-05
1373.5,18:08:08,1.350e-05
1374.6,18:08:09,1.350e-05
1375.8,18:08:10,1.350e-05
1376.9,18:08:11,1.350e-05
1378.1,18:08:13,1.350e-05
1379.2,18:08:14,1.350e-05
1380.4,18:08:15,1.350e-05
1381.5,18:08:16,1.350e-05
1382.7,18:08:17,1.340e-05
1383.9,18:08:18,1.340e-05
1385.0,18:08:20,1.340e-05
1386.1,18:08:21,1.340e-05
1387.3,18:08:22,1.340e-05
1388.5,18:08:23,1.340e-05
1389.6,18:08:24,1.340e-05
1390.8,18:08:25,1.340e-05
1391.9,18:08:26,1.330e-05
1393.1,18:08:28,1.330e-05
1394.2,18:08:29,1.330e-05
1395.4,18:08:30,1.330e-05
1396.5,18:08:31,1.330e-05
1397.7,18:08:32,1.330e-05
1398.8,18:08:33,1.330e-05
1400.0,18:08:35,1.330e-05
1401.1,18:08:36,1.330e-05
1402.3,18:08:37,1.320e-05
1403.4,18:08:38,1.320e-05
1404.6,18:08:39,1.320e-05
1405.8,18:08:40,1.320e-05
1406.9,18:08:41,1.320e-05
1408.1,18:08:43,1.320e-05
1409.2,18:08:44,1.320e-05
1410.4,18:08:45,1.320e-05
1411.5,18:08:46,1.320e-05
1412.7,18:08:47,1.310e-05
1413.8,18:08:48,1.310e-05
1415.0,18:08:50,1.310e-05
1416.1,18:08:51,1.310e-05
1417.3,18:08:52,1.310e-05
1418.4,18:08:53,1.310e-05
1419.6,18:08:54,1.310e-05
1420.7,18:08:55,1.310e-05
1421.9,18:08:56,1.310e-05
1423.1,18:08:58,1.310e-05
1424.2,18:08:59,1.310e-05
1425.4,18:09:00,1.310e-05
1426.5,18:09:01,1.300e-05
1427.7,18:09:02,1.300e-05
1428.8,18:09:03,1.300e-05
1430.0,18:09:05,1.300e-05
1431.2,18:09:06,1.300e-05
1432.3,18:09:07,1.300e-05
1433.5,18:09:08,1.300e-05
1434.6,18:09:09,1.300e-05
1435.7,18:09:10,1.300e-05
1436.9,18:09:11,1.290e-05
1438.1,18:09:13,1.290e-05
1439.2,18:09:14,1.290e-05
1440.4,18:09:15,1.290e-05
1441.5,18:09:16,1.290e-05
1442.7,18:09:17,1.290e-05
1443.8,18:09:18,1.290e-05
1445.0,18:09:20,1.290e-05
1446.1,18:09:21,1.290e-05
1447.3,18:09:22,1.280e-05
1448.4,18:09:23,1.280e-05
1449.6,18:09:24,1.280e-05
1450.7,18:09:25,1.280e-05
1451.9,18:09:26,1.280e-05
1453.0,18:09:28,1.280e-05
1454.2,18:09:29,1.280e-05
1455.3,18:09:30,1.280e-05
1456.5,18:09:31,1.280e-05
1457.6,18:09:32,1.280e-05
1458.8,18:09:33,1.270e-05
1459.9,18:09:34,1.270e-05
1461.1,18:09:36,1.270e-05
1462.2,18:09:37,1.270e-05
1463.4,18:09:38,1.270e-05
1464.5,18:09:39,1.270e-05
1465.7,18:09:40,1.270e-05
1466.9,18:09:41,1.270e-05
1468.0,18:09:43,1.270e-05
1469.2,18:09:44,1.270e-05
1470.3,18:09:45,1.260e-05
1471.5,18:09:46,1.260e-05
1472.6,18:09:47,1.260e-05
1473.8,18:09:48,1.260e-05
1474.9,18:09:49,1.260e-05
1476.1,18:09:51,1.260e-05
1477.2,18:09:52,1.260e-05
1478.4,18:09:53,1.260e-05
1479.5,18:09:54,1.260e-05
1480.7,18:09:55,1.260e-05
1481.9,18:09:56,1.260e-05
1483.0,18:09:58,1.250e-05
1484.1,18:09:59,1.250e-05
1485.3,18:10:00,1.250e-05
1486.5,18:10:01,1.250e-05
1487.6,18:10:02,1.250e-05
1488.8,18:10:03,1.250e-05
1489.9,18:10:04,1.250e-05
1491.1,18:10:06,1.250e-05
1492.2,18:10:07,1.250e-05
1493.4,18:10:08,1.250e-05
1494.5,18:10:09,1.240e-05
1495.7,18:10:10,1.240e-05
1496.8,18:10:11,1.240e-05
1498.0,18:10:13,1.240e-05
1499.1,18:10:14,1.240e-05
1500.3,18:10:15,1.240e-05
1501.4,18:10:16,1.240e-05
1502.6,18:10:17,1.240e-05
1503.7,18:10:18,1.240e-05
1504.9,18:10:19,1.230e-05
1506.0,18:10:21,1.230e-05
1507.2,18:10:22,1.230e-05
1508.3,18:10:23,1.230e-05
1509.5,18:10:24,1.230e-05
1510.6,18:10:25,1.230e-05
1511.8,18:10:26,1.230e-05
1513.0,18:10:28,1.230e-05
1514.1,18:10:29,1.230e-05
1515.3,18:10:30,1.230e-05
1516.4,18:10:31,1.220e-05
1517.6,18:10:32,1.220e-05
1518.7,18:10:33,1.220e-05
1519.9,18:10:34,1.220e-05
1521.0,18:10:36,1.220e-05
1522.2,18:10:37,1.220e-05
1523.3,18:10:38,1.220e-05
1524.5,18:10:39,1.220e-05
1525.6,18:10:40,1.220e-05
1526.8,18:10:41,1.220e-05
1527.9,18:10:42,1.220e-05
1529.1,18:10:44,1.210e-05
1530.3,18:10:45,1.210e-05
1531.4,18:10:46,1.210e-05
1532.6,18:10:47,1.210e-05
1533.7,18:10:48,1.210e-05
1534.9,18:10:49,1.210e-05
1536.0,18:10:51,1.210e-05
1537.2,18:10:52,1.210e-05
1538.4,18:10:53,1.210e-05
1539.5,18:10:54,1.210e-05
1540.7,18:10:55,1.200e-05
1541.8,18:10:56,1.200e-05
1543.0,18:10:58,1.200e-05
1544.1,18:10:59,1.200e-05
1545.3,18:11:00,1.200e-05
1546.4,18:11:01,1.200e-05
1547.6,18:11:02,1.200e-05
1548.7,18:11:03,1.200e-05
1549.9,18:11:04,1.200e-05
1551.0,18:11:06,1.200e-05
1552.2,18:11:07,1.200e-05
1553.3,18:11:08,1.200e-05
1554.5,18:11:09,1.190e-05
1555.6,18:11:10,1.190e-05
1556.8,18:11:11,1.190e-05
1557.9,18:11:12,1.190e-05
1559.1,18:11:14,1.190e-05
1560.3,18:11:15,1.190e-05
1561.4,18:11:16,1.190e-05
1562.6,18:11:17,1.190e-05
1563.7,18:11:18,1.190e-05
1564.9,18:11:19,1.190e-05
1566.0,18:11:21,1.190e-05
1567.2,18:11:22,1.190e-05
1568.4,18:11:23,1.180e-05
1569.5,18:11:24,1.180e-05
1570.7,18:11:25,1.180e-05
1571.8,18:11:26,1.180e-05
1573.0,18:11:28,1.180e-05
1574.1,18:11:29,1.180e-05
1575.3,18:11:30,1.180e-05
1576.4,18:11:31,1.180e-05
1577.6,18:11:32,1.180e-05
1578.7,18:11:33,1.180e-05
1579.9,18:11:34,1.170e-05
1581.1,18:11:36,1.170e-05
1582.2,18:11:37,1.170e-05
1583.4,18:11:38,1.170e-05
1584.5,18:11:39,1.170e-05
1585.7,18:11:40,1.170e-05
1586.8,18:11:41,1.170e-05
1588.0,18:11:43,1.170e-05
1589.1,18:11:44,1.170e-05
1590.3,18:11:45,1.170e-05
1591.4,18:11:46,1.160e-05
1592.6,18:11:47,1.160e-05
1593.7,18:11:48,1.160e-05
1594.9,18:11:49,1.160e-05
1596.0,18:11:51,1.160e-05
1597.2,18:11:52,1.160e-05
1598.4,18:11:53,1.160e-05
1599.5,18:11:54,1.160e-05
1600.7,18:11:55,1.160e-05
1601.8,18:11:56,1.160e-05
1603.0,18:11:58,1.160e-05
1604.1,18:11:59,1.160e-05
1605.3,18:12:00,1.150e-05
1606.4,18:12:01,1.150e-05
1607.6,18:12:02,1.150e-05
1608.8,18:12:03,1.150e-05
1609.9,18:12:04,1.150e-05
1611.1,18:12:06,1.150e-05
1612.2,18:12:07,1.150e-05
1613.4,18:12:08,1.150e-05
1614.5,18:12:09,1.150e-05
1615.7,18:12:10,1.150e-05
1616.8,18:12:11,1.150e-05
1618.0,18:12:13,1.150e-05
1619.1,18:12:14,1.150e-05
1620.3,18:12:15,1.150e-05
1621.5,18:12:16,1.150e-05
1622.6,18:12:17,1.140e-05
1623.8,18:12:18,1.140e-05
1624.9,18:12:19,1.140e-05
1626.1,18:12:21,1.140e-05
1627.2,18:12:22,1.140e-05
1628.4,18:12:23,1.140e-05
1629.5,18:12:24,1.140e-05
1630.7,18:12:25,1.140e-05
1631.8,18:12:26,1.140e-05
1633.0,18:12:28,1.140e-05
1634.2,18:12:29,1.140e-05
1635.3,18:12:30,1.140e-05
1636.5,18:12:31,1.140e-05
1637.6,18:12:32,1.130e-05
1638.8,18:12:33,1.130e-05
1639.9,18:12:34,1.130e-05
1641.1,18:12:36,1.130e-05
1642.2,18:12:37,1.130e-05
1643.4,18:12:38,1.130e-05
1644.6,18:12:39,1.130e-05
1645.7,18:12:40,1.130e-05
1646.9,18:12:41,1.130e-05
1648.0,18:12:43,1.130e-05
1649.2,18:12:44,1.130e-05
1650.3,18:12:45,1.130e-05
1651.5,18:12:46,1.120e-05
1652.6,18:12:47,1.120e-05
1653.8,18:12:48,1.120e-05
1654.9,18:12:49,1.120e-05
1656.1,18:12:51,1.120e-05
1657.2,18:12:52,1.120e-05
1658.4,18:12:53,1.120e-05
1659.5,18:12:54,1.120e-05
1660.7,18:12:55,1.120e-05
1661.9,18:12:56,1.120e-05
1663.0,18:12:58,1.120e-05
1664.2,18:12:59,1.120e-05
1665.3,18:13:00,1.110e-05
1666.5,18:13:01,1.110e-05
1667.6,18:13:02,1.110e-05
1668.8,18:13:03,1.110e-05
1670.0,18:13:05,1.110e-05
1671.1,18:13:06,1.110e-05
1672.3,18:13:07,1.110e-05
1673.4,18:13:08,1.110e-05
1674.6,18:13:09,1.110e-05
1675.7,18:13:10,1.110e-05
1676.9,18:13:11,1.110e-05
1678.0,18:13:13,1.100e-05
1679.2,18:13:14,1.100e-05
1680.3,18:13:15,1.100e-05
1681.5,18:13:16,1.100e-05
1682.6,18:13:17,1.100e-05
1683.8,18:13:18,1.100e-05
1685.0,18:13:20,1.100e-05
1686.1,18:13:21,1.100e-05
1687.3,18:13:22,1.100e-05
1688.4,18:13:23,1.100e-05
1689.6,18:13:24,1.100e-05
1690.8,18:13:25,1.100e-05
1691.9,18:13:26,1.090e-05
1693.1,18:13:28,1.090e-05
1694.2,18:13:29,1.090e-05
1695.4,18:13:30,1.090e-05
1696.5,18:13:31,1.090e-05
1697.7,18:13:32,1.090e-05
1698.8,18:13:33,1.090e-05
1700.0,18:13:35,1.090e-05
1701.1,18:13:36,1.090e-05
1702.3,18:13:37,1.090e-05
1703.4,18:13:38,1.090e-05
1704.6,18:13:39,1.090e-05
1705.8,18:13:40,1.090e-05
1706.9,18:13:41,1.090e-05
1708.1,18:13:43,1.090e-05
1709.2,18:13:44,1.080e-05
1710.4,18:13:45,1.080e-05
1711.6,18:13:46,1.080e-05
1712.7,18:13:47,1.080e-05
1713.9,18:13:48,1.080e-05
1715.0,18:13:50,1.080e-05
1716.2,18:13:51,1.080e-05
1717.3,18:13:52,1.080e-05
1718.5,18:13:53,1.080e-05
1719.6,18:13:54,1.080e-05
1720.8,18:13:55,1.080e-05
1721.9,18:13:56,1.080e-05
1723.1,18:13:58,1.070e-05
1724.2,18:13:59,1.070e-05
1725.4,18:14:00,1.070e-05
1726.5,18:14:01,1.070e-05
1727.7,18:14:02,1.070e-05
1728.8,18:14:03,1.070e-05
1730.0,18:14:05,1.070e-05
1731.1,18:14:06,1.070e-05
1732.3,18:14:07,1.070e-05
1733.5,18:14:08,1.070e-05
1734.6,18:14:09,1.070e-05
1735.8,18:14:10,1.070e-05
1736.9,18:14:11,1.070e-05
1738.1,18:14:13,1.060e-05
1739.2,18:14:14,1.060e-05
1740.4,18:14:15,1.060e-05
1741.5,18:14:16,1.060e-05
1742.7,18:14:17,1.060e-05
1743.9,18:14:18,1.060e-05
1745.0,18:14:20,1.060e-05
1746.2,18:14:21,1.060e-05
1747.3,18:14:22,1.060e-05
1748.5,18:14:23,1.060e-05
1749.6,18:14:24,1.060e-05
1750.8,18:14:25,1.060e-05
1752.0,18:14:27,1.060e-05
1753.1,18:14:28,1.050e-05
1754.3,18:14:29,1.050e-05
1755.4,18:14:30,1.050e-05
1756.6,18:14:31,1.050e-05
1757.7,18:14:32,1.050e-05
1758.9,18:14:33,1.050e-05
1760.0,18:14:35,1.050e-05
1761.2,18:14:36,1.050e-05
1762.3,18:14:37,1.050e-05
1763.5,18:14:38,1.050e-05
1764.6,18:14:39,1.050e-05
1765.8,18:14:40,1.050e-05
1766.9,18:14:41,1.050e-05
1768.1,18:14:43,1.050e-05
1769.3,18:14:44,1.040e-05
1770.4,18:14:45,1.040e-05
1771.6,18:14:46,1.040e-05
1772.7,18:14:47,1.040e-05
1773.9,18:14:48,1.040e-05
1775.0,18:14:50,1.040e-05
1776.2,18:14:51,1.040e-05
1777.3,18:14:52,1.040e-05
1778.5,18:14:53,1.040e-05
1779.6,18:14:54,1.040e-05
1780.8,18:14:55,1.040e-05
1781.9,18:14:56,1.040e-05
1783.1,18:14:58,1.040e-05
1784.2,18:14:59,1.040e-05
1785.4,18:15:00,1.040e-05
1786.6,18:15:01,1.040e-05
1787.7,18:15:02,1.040e-05
1788.9,18:15:03,1.030e-05
1790.0,18:15:05,1.030e-05
1791.2,18:15:06,1.030e-05
1792.3,18:15:07,1.030e-05
1793.5,18:15:08,1.030e-05
1794.6,18:15:09,1.030e-05
1795.8,18:15:10,1.030e-05
1796.9,18:15:11,1.030e-05
1798.1,18:15:13,1.030e-05
1799.2,18:15:14,1.030e-05
1800.4,18:15:15,1.030e-05
1801.5,18:15:16,1.030e-05
1802.7,18:15:17,1.030e-05
1803.8,18:15:18,1.030e-05
1805.0,18:15:20,1.020e-05
1806.1,18:15:21,1.020e-05
1807.3,18:15:22,1.020e-05
1808.4,18:15:23,1.020e-05
1809.6,18:15:24,1.020e-05
1810.8,18:15:25,1.020e-05
1811.9,18:15:26,1.020e-05
1813.1,18:15:28,1.020e-05
1814.2,18:15:29,1.020e-05
1815.4,18:15:30,1.020e-05
1816.5,18:15:31,1.020e-05
1817.7,18:15:32,1.020e-05
1818.8,18:15:33,1.020e-05
1820.0,18:15:35,1.020e-05
1821.1,18:15:36,1.020e-05
1822.3,18:15:37,1.010e-05
1823.4,18:15:38,1.010e-05
1824.6,18:15:39,1.010e-05
1825.8,18:15:40,1.010e-05
1826.9,18:15:41,1.010e-05
1828.1,18:15:43,1.010e-05
1829.2,18:15:44,1.010e-05
1830.4,18:15:45,1.010e-05
1831.5,18:15:46,1.010e-05
1832.7,18:15:47,1.010e-05
1833.8,18:15:48,1.010e-05
1835.0,18:15:50,1.010e-05
1836.1,18:15:51,1.010e-05
1837.3,18:15:52,1.010e-05
1838.5,18:15:53,1.000e-05
1839.6,18:15:54,1.000e-05
1840.8,18:15:55,1.000e-05
1841.9,18:15:56,1.000e-05
1843.1,18:15:58,1.000e-05
1844.2,18:15:59,1.000e-05
1845.4,18:16:00,1.000e-05
1846.5,18:16:01,1.000e-05
1847.7,18:16:02,1.000e-05
1848.8,18:16:03,1.000e-05
1850.0,18:16:05,1.000e-05
1851.1,18:16:06,1.000e-05
1852.3,18:16:07,1.000e-05
1853.4,18:16:08,1.000e-05
1854.6,18:16:09,9.990e-06
1855.8,18:16:10,9.990e-06
1856.9,18:16:11,9.980e-06
1858.1,18:16:13,9.980e-06
1859.2,18:16:14,9.970e-06
1860.4,18:16:15,9.970e-06
1861.6,18:16:16,9.970e-06
1862.7,18:16:17,9.960e-06
1863.9,18:16:18,9.960e-06
1865.0,18:16:20,9.950e-06
1866.2,18:16:21,9.950e-06
1867.3,18:16:22,9.940e-06
1868.5,18:16:23,9.940e-06
1869.6,18:16:24,9.940e-06
1870.8,18:16:25,9.920e-06
1871.9,18:16:26,9.910e-06
1873.1,18:16:28,9.910e-06
1874.2,18:16:29,9.910e-06
1875.4,18:16:30,9.900e-06
1876.5,18:16:31,9.900e-06
1877.7,18:16:32,9.890e-06
1878.8,18:16:33,9.890e-06
1880.0,18:16:35,9.890e-06
1881.1,18:16:36,9.880e-06
1882.3,18:16:37,9.870e-06
1883.4,18:16:38,9.870e-06
1884.6,18:16:39,9.870e-06
1885.8,18:16:40,9.860e-06
1886.9,18:16:41,9.860e-06
1888.1,18:16:43,9.850e-06
1889.2,18:16:44,9.850e-06
1890.4,18:16:45,9.830e-06
1891.5,18:16:46,9.830e-06
1892.7,18:16:47,9.830e-06
1893.8,18:16:48,9.820e-06
1895.0,18:16:50,9.820e-06
1896.1,18:16:51,9.820e-06
1897.3,18:16:52,9.810e-06
1898.4,18:16:53,9.810e-06
1899.6,18:16:54,9.810e-06
1900.7,18:16:55,9.800e-06
1901.9,18:16:56,9.800e-06
1903.1,18:16:58,9.790e-06
1904.2,18:16:59,9.790e-06
1905.4,18:17:00,9.790e-06
1906.5,18:17:01,9.790e-06
1907.7,18:17:02,9.780e-06
1908.8,18:17:03,9.770e-06
1910.0,18:17:05,9.770e-06
1911.1,18:17:06,9.750e-06
1912.3,18:17:07,9.750e-06
1913.4,18:17:08,9.750e-06
1914.6,18:17:09,9.740e-06
1915.8,18:17:10,9.740e-06
1916.9,18:17:11,9.740e-06
1918.1,18:17:13,9.730e-06
1919.2,18:17:14,9.730e-06
1920.4,18:17:15,9.730e-06
1921.5,18:17:16,9.730e-06
1922.7,18:17:17,9.720e-06
1923.8,18:17:18,9.710e-06
1925.0,18:17:20,9.710e-06
1926.2,18:17:21,9.710e-06
1927.3,18:17:22,9.710e-06
1928.5,18:17:23,9.700e-06
1929.6,18:17:24,9.700e-06
1930.8,18:17:25,9.690e-06
1932.0,18:17:27,9.690e-06
1933.1,18:17:28,9.690e-06
1934.3,18:17:29,9.690e-06
1935.4,18:17:30,9.680e-06
1936.6,18:17:31,9.680e-06
1937.7,18:17:32,9.660e-06
1938.9,18:17:33,9.660e-06
1940.0,18:17:35,9.650e-06
1941.2,18:17:36,9.650e-06
1942.3,18:17:37,9.650e-06
1943.5,18:17:38,9.640e-06
1944.6,18:17:39,9.630e-06
1945.8,18:17:40,9.630e-06
1947.0,18:17:42,9.630e-06
1948.1,18:17:43,9.630e-06
1949.3,18:17:44,9.620e-06
1950.4,18:17:45,9.610e-06
1951.6,18:17:46,9.610e-06
1952.7,18:17:47,9.610e-06
1953.9,18:17:48,9.610e-06
1955.1,18:17:50,9.600e-06
1956.2,18:17:51,9.600e-06
1957.4,18:17:52,9.590e-06
1958.5,18:17:53,9.590e-06
1959.7,18:17:54,9.590e-06
1960.8,18:17:55,9.570e-06
1962.0,18:17:57,9.570e-06
1963.1,18:17:58,9.570e-06
1964.3,18:17:59,9.560e-06
1965.4,18:18:00,9.560e-06
1966.6,18:18:01,9.560e-06
1967.8,18:18:02,9.550e-06
1968.9,18:18:03,9.550e-06
1970.1,18:18:05,9.550e-06
1971.3,18:18:06,9.540e-06
1972.4,18:18:07,9.540e-06
1973.6,18:18:08,9.540e-06
1974.7,18:18:09,9.530e-06
1975.9,18:18:10,9.530e-06
1977.0,18:18:12,9.520e-06
1978.2,18:18:13,9.520e-06
1979.4,18:18:14,9.520e-06
1980.5,18:18:15,9.510e-06
1981.7,18:18:16,9.510e-06
1982.8,18:18:17,9.510e-06
1984.0,18:18:19,9.510e-06
1985.1,18:18:20,9.500e-06
1986.3,18:18:21,9.500e-06
1987.5,18:18:22,9.480e-06
1988.6,18:18:23,9.480e-06
1989.8,18:18:24,9.470e-06
1990.9,18:18:25,9.470e-06
1992.1,18:18:27,9.470e-06
1993.2,18:18:28,9.470e-06
1994.4,18:18:29,9.460e-06
1995.5,18:18:30,9.460e-06
1996.7,18:18:31,9.460e-06
1997.9,18:18:32,9.450e-06
1999.0,18:18:34,9.450e-06
2000.2,18:18:35,9.450e-06
2001.3,18:18:36,9.440e-06
2002.5,18:18:37,9.440e-06
2003.7,18:18:38,9.440e-06
2004.8,18:18:39,9.430e-06
2006.0,18:18:41,9.430e-06
2007.1,18:18:42,9.430e-06
2008.3,18:18:43,9.420e-06
2009.4,18:18:44,9.420e-06
2010.6,18:18:45,9.420e-06
2011.7,18:18:46,9.410e-06
2012.9,18:18:47,9.410e-06
2014.0,18:18:49,9.390e-06
2015.2,18:18:50,9.390e-06
2016.3,18:18:51,9.390e-06
2017.5,18:18:52,9.390e-06
2018.7,18:18:53,9.380e-06
2019.8,18:18:54,9.380e-06
2021.0,18:18:56,9.370e-06
2022.1,18:18:57,9.370e-06
2023.3,18:18:58,9.370e-06
2024.4,18:18:59,9.370e-06
2025.6,18:19:00,9.360e-06
2026.7,18:19:01,9.360e-06
2027.9,18:19:02,9.360e-06
2029.1,18:19:04,9.350e-06
2030.2,18:19:05,9.350e-06
2031.4,18:19:06,9.350e-06
2032.5,18:19:07,9.350e-06
2033.7,18:19:08,9.340e-06
2034.8,18:19:09,9.340e-06
2036.0,18:19:11,9.330e-06
2037.1,18:19:12,9.330e-06
2038.3,18:19:13,9.330e-06
2039.5,18:19:14,9.330e-06
2040.6,18:19:15,9.320e-06
2041.8,18:19:16,9.320e-06
2042.9,18:19:17,9.300e-06
2044.1,18:19:19,9.300e-06
2045.2,18:19:20,9.300e-06
2046.4,18:19:21,9.290e-06
2047.5,18:19:22,9.290e-06
2048.7,18:19:23,9.290e-06
2049.8,18:19:24,9.280e-06
2051.0,18:19:26,9.280e-06
2052.2,18:19:27,9.270e-06
2053.3,18:19:28,9.270e-06
2054.5,18:19:29,9.270e-06
2055.6,18:19:30,9.270e-06
2056.8,18:19:31,9.260e-06
2057.9,18:19:32,9.260e-06
2059.1,18:19:34,9.250e-06
2060.3,18:19:35,9.250e-06
2061.4,18:19:36,9.250e-06
2062.6,18:19:37,9.250e-06
2063.7,18:19:38,9.240e-06
2064.9,18:19:39,9.240e-06
2066.1,18:19:41,9.230e-06
2067.2,18:19:42,9.230e-06
2068.4,18:19:43,9.210e-06
2069.5,18:19:44,9.210e-06
2070.7,18:19:45,9.210e-06
2071.8,18:19:46,9.210e-06
2073.0,18:19:48,9.210e-06
2074.1,18:19:49,9.200e-06
2075.3,18:19:50,9.200e-06
2076.4,18:19:51,9.190e-06
2077.6,18:19:52,9.190e-06
2078.7,18:19:53,9.190e-06
2079.9,18:19:54,9.190e-06
2081.1,18:19:56,9.180e-06
2082.2,18:19:57,9.180e-06
2083.4,18:19:58,9.170e-06
2084.5,18:19:59,9.170e-06
2085.7,18:20:00,9.170e-06
2086.8,18:20:01,9.160e-06
2088.0,18:20:03,9.160e-06
2089.2,18:20:04,9.160e-06
2090.3,18:20:05,9.150e-06
2091.5,18:20:06,9.150e-06
2092.6,18:20:07,9.150e-06
2093.8,18:20:08,9.150e-06
2095.0,18:20:10,9.130e-06
2096.1,18:20:11,9.130e-06
2097.3,18:20:12,9.120e-06
2098.4,18:20:13,9.120e-06
2099.6,18:20:14,9.120e-06
2100.7,18:20:15,9.110e-06
2101.9,18:20:16,9.110e-06
2103.0,18:20:18,9.110e-06
2104.2,18:20:19,9.110e-06
2105.3,18:20:20,9.100e-06
2106.5,18:20:21,9.100e-06
2107.6,18:20:22,9.090e-06
2108.8,18:20:23,9.090e-06
2110.0,18:20:25,9.090e-06
2111.1,18:20:26,9.090e-06
2112.3,18:20:27,9.090e-06
2113.4,18:20:28,9.080e-06
2114.6,18:20:29,9.080e-06
2115.7,18:20:30,9.070e-06
2116.9,18:20:31,9.070e-06
2118.1,18:20:33,9.070e-06
2119.2,18:20:34,9.070e-06
2120.4,18:20:35,9.070e-06
2121.5,18:20:36,9.060e-06
2122.7,18:20:37,9.060e-06
2123.8,18:20:38,9.060e-06
2125.0,18:20:40,9.040e-06
2126.2,18:20:41,9.040e-06
2127.3,18:20:42,9.040e-06
2128.5,18:20:43,9.040e-06
2129.6,18:20:44,9.030e-06
2130.8,18:20:45,9.030e-06
2131.9,18:20:46,9.030e-06
2133.1,18:20:48,9.030e-06
2134.3,18:20:49,9.030e-06
2135.4,18:20:50,9.020e-06
2136.6,18:20:51,9.020e-06
2137.7,18:20:52,9.010e-06
2138.9,18:20:53,9.010e-06
2140.0,18:20:55,9.010e-06
2141.2,18:20:56,9.010e-06
2142.3,18:20:57,9.000e-06
2143.5,18:20:58,9.000e-06
2144.7,18:20:59,8.980e-06
2145.8,18:21:00,8.980e-06
2147.0,18:21:02,8.970e-06
2148.1,18:21:03,8.970e-06
2149.3,18:21:04,8.970e-06
2150.4,18:21:05,8.970e-06
2151.6,18:21:06,8.950e-06
2152.7,18:21:07,8.950e-06
2153.8,18:21:08,8.950e-06
2155.0,18:21:10,8.940e-06
2156.1,18:21:11,8.940e-06
2157.3,18:21:12,8.930e-06
2158.4,18:21:13,8.930e-06
2159.6,18:21:14,8.930e-06
2160.7,18:21:15,8.930e-06
2161.9,18:21:16,8.920e-06
2163.0,18:21:18,8.920e-06
2164.2,18:21:19,8.910e-06
2165.3,18:21:20,8.910e-06
2166.5,18:21:21,8.910e-06
2167.6,18:21:22,8.910e-06
2168.7,18:21:23,8.900e-06
2169.9,18:21:24,8.900e-06
2171.0,18:21:26,8.890e-06
2172.2,18:21:27,8.890e-06
2173.3,18:21:28,8.890e-06
2174.5,18:21:29,8.890e-06
2175.6,18:21:30,8.890e-06
2176.8,18:21:31,8.880e-06
2177.9,18:21:32,8.880e-06
2179.1,18:21:34,8.880e-06
2180.2,18:21:35,8.860e-06
2181.3,18:21:36,8.860e-06
2182.5,18:21:37,8.860e-06
2183.6,18:21:38,8.850e-06
2184.8,18:21:39,8.850e-06
2186.0,18:21:41,8.850e-06
2187.1,18:21:42,8.840e-06
2188.3,18:21:43,8.840e-06
2189.4,18:21:44,8.840e-06
2190.5,18:21:45,8.840e-06
2191.7,18:21:46,8.830e-06
2192.8,18:21:47,8.830e-06
2194.0,18:21:49,8.830e-06
2195.1,18:21:50,8.830e-06
2196.3,18:21:51,8.820e-06
2197.4,18:21:52,8.820e-06
2198.6,18:21:53,8.820e-06
2199.7,18:21:54,8.810e-06
2200.9,18:21:55,8.810e-06
2202.1,18:21:57,8.810e-06
2203.2,18:21:58,8.800e-06
2204.4,18:21:59,8.800e-06
2205.5,18:22:00,8.800e-06
2206.6,18:22:01,8.800e-06
2207.8,18:22:02,8.790e-06
2208.9,18:22:03,8.790e-06
2210.1,18:22:05,8.790e-06
2211.2,18:22:06,8.790e-06
2212.4,18:22:07,8.770e-06
2213.5,18:22:08,8.770e-06
2214.7,18:22:09,8.770e-06
2215.8,18:22:10,8.760e-06
2217.0,18:22:12,8.760e-06
2218.1,18:22:13,8.760e-06
2219.3,18:22:14,8.750e-06
2220.4,18:22:15,8.750e-06
2221.6,18:22:16,8.750e-06
2222.7,18:22:17,8.750e-06
2223.9,18:22:18,8.750e-06
2225.0,18:22:20,8.740e-06
2226.2,18:22:21,8.740e-06
2227.3,18:22:22,8.740e-06
2228.5,18:22:23,8.740e-06
2229.7,18:22:24,8.730e-06
2230.8,18:22:25,8.730e-06
2232.0,18:22:27,8.730e-06
2233.1,18:22:28,8.720e-06
2234.3,18:22:29,8.720e-06
2235.4,18:22:30,8.720e-06
2236.6,18:22:31,8.710e-06
2237.7,18:22:32,8.710e-06
2238.9,18:22:33,8.710e-06
2240.0,18:22:35,8.710e-06
2241.2,18:22:36,8.710e-06
2242.3,18:22:37,8.700e-06
2243.4,18:22:38,8.700e-06
2244.6,18:22:39,8.700e-06
2245.7,18:22:40,8.680e-06
2246.9,18:22:41,8.680e-06
2248.0,18:22:43,8.680e-06
2249.2,18:22:44,8.680e-06
2250.3,18:22:45,8.680e-06
2251.5,18:22:46,8.670e-06
2252.6,18:22:47,8.670e-06
2253.8,18:22:48,8.660e-06
2254.9,18:22:49,8.660e-06
2256.1,18:22:51,8.660e-06
2257.2,18:22:52,8.660e-06
2258.4,18:22:53,8.650e-06
2259.5,18:22:54,8.650e-06
2260.7,18:22:55,8.650e-06
2261.8,18:22:56,8.650e-06
2263.0,18:22:58,8.650e-06
2264.1,18:22:59,8.640e-06
2265.3,18:23:00,8.640e-06
2266.4,18:23:01,8.630e-06
2267.6,18:23:02,8.630e-06
2268.7,18:23:03,8.630e-06
2269.9,18:23:04,8.630e-06
2271.0,18:23:06,8.630e-06
2272.2,18:23:07,8.620e-06
2273.3,18:23:08,8.620e-06
2274.5,18:23:09,8.620e-06
2275.6,18:23:10,8.610e-06
2276.7,18:23:11,8.610e-06
2277.9,18:23:12,8.610e-06
2279.1,18:23:14,8.610e-06
2280.2,18:23:15,8.610e-06
2281.3,18:23:16,8.590e-06
2282.5,18:23:17,8.590e-06
2283.6,18:23:18,8.590e-06
2284.8,18:23:19,8.580e-06
2286.0,18:23:21,8.580e-06
2287.1,18:23:22,8.570e-06
2288.3,18:23:23,8.570e-06
2289.4,18:23:24,8.570e-06
2290.6,18:23:25,8.570e-06
2291.7,18:23:26,8.560e-06
2292.8,18:23:27,8.560e-06
2294.0,18:23:29,8.560e-06
2295.1,18:23:30,8.550e-06
2296.3,18:23:31,8.550e-06
2297.4,18:23:32,8.550e-06
2298.6,18:23:33,8.550e-06
2299.7,18:23:34,8.550e-06
2300.9,18:23:35,8.540e-06
2302.1,18:23:37,8.540e-06
2303.2,18:23:38,8.530e-06
2304.3,18:23:39,8.530e-06
2305.5,18:23:40,8.530e-06
2306.6,18:23:41,8.530e-06
2307.8,18:23:42,8.520e-06
2309.0,18:23:44,8.520e-06
2310.1,18:23:45,8.520e-06
2311.2,18:23:46,8.500e-06
2312.4,18:23:47,8.500e-06
2313.6,18:23:48,8.500e-06
2314.7,18:23:49,8.500e-06
2315.9,18:23:50,8.490e-06
2317.0,18:23:52,8.490e-06
2318.1,18:23:53,8.490e-06
2319.3,18:23:54,8.480e-06
2320.4,18:23:55,8.480e-06
2321.6,18:23:56,8.480e-06
2322.7,18:23:57,8.470e-06
2323.9,18:23:58,8.470e-06
2325.0,18:24:00,8.470e-06
2326.2,18:24:01,8.470e-06
2327.3,18:24:02,8.460e-06
2328.5,18:24:03,8.460e-06
2329.6,18:24:04,8.460e-06
2330.8,18:24:05,8.450e-06
2331.9,18:24:06,8.450e-06
2333.1,18:24:08,8.450e-06
2334.2,18:24:09,8.450e-06
2335.4,18:24:10,8.440e-06
2336.5,18:24:11,8.440e-06
2337.7,18:24:12,8.440e-06
2338.8,18:24:13,8.430e-06
2340.0,18:24:15,8.430e-06
2341.1,18:24:16,8.430e-06
2342.3,18:24:17,8.430e-06
2343.4,18:24:18,8.410e-06
2344.6,18:24:19,8.410e-06
2345.8,18:24:20,8.410e-06
2346.9,18:24:21,8.400e-06
2348.0,18:24:23,8.400e-06
2349.2,18:24:24,8.400e-06
2350.3,18:24:25,8.390e-06
2351.5,18:24:26,8.390e-06
2352.6,18:24:27,8.390e-06
2353.8,18:24:28,8.390e-06
2354.9,18:24:29,8.380e-06
2356.1,18:24:31,8.380e-06
2357.2,18:24:32,8.380e-06
2358.4,18:24:33,8.370e-06
2359.5,18:24:34,8.370e-06
2360.7,18:24:35,8.370e-06
2361.8,18:24:36,8.370e-06
2362.9,18:24:37,8.360e-06
2364.1,18:24:39,8.360e-06
2365.2,18:24:40,8.360e-06
2366.4,18:24:41,8.350e-06
2367.5,18:24:42,8.350e-06
2368.7,18:24:43,8.350e-06
2369.9,18:24:44,8.350e-06
2371.0,18:24:46,8.340e-06
2372.2,18:24:47,8.340e-06
2373.3,18:24:48,8.340e-06
2374.5,18:24:49,8.320e-06
2375.6,18:24:50,8.320e-06
2376.8,18:24:51,8.320e-06
2377.9,18:24:52,8.320e-06
2379.1,18:24:54,8.310e-06
2380.2,18:24:55,8.310e-06
2381.4,18:24:56,8.300e-06
2382.5,18:24:57,8.300e-06
2383.7,18:24:58,8.300e-06
2384.8,18:24:59,8.290e-06
2386.0,18:25:01,8.290e-06
2387.1,18:25:02,8.290e-06
2388.3,18:25:03,8.290e-06
2389.4,18:25:04,8.280e-06
2390.5,18:25:05,8.280e-06
2391.7,18:25:06,8.280e-06
2392.8,18:25:07,8.270e-06
2394.0,18:25:09,8.270e-06
2395.1,18:25:10,8.270e-06
2396.3,18:25:11,8.270e-06
2397.4,18:25:12,8.260e-06
2398.6,18:25:13,8.260e-06
2399.7,18:25:14,8.260e-06
2400.9,18:25:15,8.250e-06
2402.0,18:25:17,8.250e-06
2403.2,18:25:18,8.250e-06
2404.3,18:25:19,8.250e-06
2405.5,18:25:20,8.250e-06
2406.6,18:25:21,8.230e-06
2407.8,18:25:22,8.230e-06
2408.9,18:25:23,8.230e-06
2410.1,18:25:25,8.220e-06
2411.2,18:25:26,8.220e-06
2412.4,18:25:27,8.220e-06
2413.5,18:25:28,8.210e-06
2414.7,18:25:29,8.210e-06
2415.8,18:25:30,8.210e-06
2417.0,18:25:32,8.210e-06
2418.1,18:25:33,8.200e-06
2419.3,18:25:34,8.200e-06
2420.4,18:25:35,8.200e-06
2421.6,18:25:36,8.190e-06
2422.7,18:25:37,8.190e-06
2423.9,18:25:38,8.190e-06
2425.1,18:25:40,8.190e-06
2426.2,18:25:41,8.180e-06
2427.4,18:25:42,8.180e-06
2428.5,18:25:43,8.180e-06
2429.7,18:25:44,8.170e-06
2430.8,18:25:45,8.170e-06
2432.0,18:25:47,8.170e-06
2433.1,18:25:48,8.170e-06
2434.3,18:25:49,8.170e-06
2435.4,18:25:50,8.160e-06
2436.6,18:25:51,8.160e-06
2437.7,18:25:52,8.160e-06
2438.9,18:25:53,8.140e-06
2440.0,18:25:55,8.140e-06
2441.2,18:25:56,8.140e-06
2442.3,18:25:57,8.140e-06
2443.5,18:25:58,8.140e-06
2444.6,18:25:59,8.130e-06
2445.8,18:26:00,8.130e-06
2446.9,18:26:01,8.130e-06
2448.1,18:26:03,8.120e-06
2449.2,18:26:04,8.120e-06
2450.4,18:26:05,8.120e-06
2451.5,18:26:06,8.110e-06
2452.7,18:26:07,8.110e-06
2453.8,18:26:08,8.110e-06
2455.0,18:26:10,8.110e-06
2456.1,18:26:11,8.110e-06
2457.3,18:26:12,8.100e-06
2458.4,18:26:13,8.100e-06
2459.6,18:26:14,8.090e-06
2460.8,18:26:15,8.090e-06
2461.9,18:26:16,8.090e-06
2463.1,18:26:18,8.090e-06
2464.2,18:26:19,8.090e-06
2465.4,18:26:20,8.080e-06
2466.5,18:26:21,8.080e-06
2467.7,18:26:22,8.080e-06
2468.8,18:26:23,8.070e-06
2470.0,18:26:25,8.070e-06
2471.1,18:26:26,8.070e-06
2472.2,18:26:27,8.070e-06
2473.4,18:26:28,8.070e-06
2474.6,18:26:29,8.050e-06
2475.7,18:26:30,8.050e-06
2476.9,18:26:31,8.050e-06
2478.0,18:26:33,8.040e-06
2479.2,18:26:34,8.040e-06
2480.3,18:26:35,8.030e-06
2481.4,18:26:36,8.030e-06
2482.6,18:26:37,8.030e-06
2483.8,18:26:38,8.030e-06
2484.9,18:26:39,8.030e-06
2486.1,18:26:41,8.020e-06
2487.2,18:26:42,8.020e-06
2488.4,18:26:43,8.020e-06
2489.5,18:26:44,8.010e-06
2490.7,18:26:45,8.010e-06
2491.8,18:26:46,8.010e-06
2493.0,18:26:48,8.010e-06
2494.1,18:26:49,8.010e-06
2495.3,18:26:50,8.010e-06
2496.4,18:26:51,8.000e-06
2497.6,18:26:52,8.000e-06
2498.7,18:26:53,8.000e-06
2499.9,18:26:54,8.000e-06
2501.0,18:26:56,7.990e-06
2502.2,18:26:57,7.990e-06
2503.3,18:26:58,7.990e-06
2504.5,18:26:59,7.990e-06
2505.6,18:27:00,7.980e-06
2506.8,18:27:01,7.980e-06
2508.0,18:27:03,7.980e-06
2509.1,18:27:04,7.960e-06
2510.3,18:27:05,7.960e-06
2511.4,18:27:06,7.960e-06
2512.6,18:27:07,7.960e-06
2513.7,18:27:08,7.960e-06
2514.9,18:27:09,7.950e-06
2516.0,18:27:11,7.950e-06
2517.2,18:27:12,7.950e-06
2518.3,18:27:13,7.950e-06
2519.5,18:27:14,7.940e-06
2520.6,18:27:15,7.940e-06
2521.8,18:27:16,7.940e-06
2522.9,18:27:17,7.940e-06
2524.1,18:27:19,7.930e-06
2525.2,18:27:20,7.930e-06
2526.4,18:27:21,7.930e-06
2527.5,18:27:22,7.930e-06
2528.7,18:27:23,7.920e-06
2529.8,18:27:24,7.920e-06
2531.0,18:27:26,7.920e-06
2532.1,18:27:27,7.910e-06
2533.3,18:27:28,7.910e-06
2534.4,18:27:29,7.910e-06
2535.6,18:27:30,7.910e-06
2536.7,18:27:31,7.900e-06
2537.9,18:27:32,7.900e-06
2539.0,18:27:34,7.900e-06
2540.2,18:27:35,7.900e-06
2541.3,18:27:36,7.900e-06
2542.5,18:27:37,7.890e-06
2543.6,18:27:38,7.890e-06
2544.8,18:27:39,7.890e-06
2545.9,18:27:40,7.890e-06
2547.0,18:27:42,7.890e-06
2548.2,18:27:43,7.870e-06
2549.3,18:27:44,7.870e-06
2550.5,18:27:45,7.870e-06
2551.6,18:27:46,7.860e-06
2552.8,18:27:47,7.860e-06
2553.9,18:27:48,7.860e-06
2555.1,18:27:50,7.850e-06
2556.2,18:27:51,7.850e-06
2557.4,18:27:52,7.850e-06
2558.5,18:27:53,7.850e-06
2559.7,18:27:54,7.850e-06
2560.8,18:27:55,7.850e-06
2562.0,18:27:57,7.840e-06
2563.1,18:27:58,7.840e-06
2564.3,18:27:59,7.840e-06
2565.4,18:28:00,7.830e-06
2566.6,18:28:01,7.830e-06
2567.7,18:28:02,7.830e-06
2568.9,18:28:03,7.830e-06
2570.0,18:28:05,7.830e-06
2571.2,18:28:06,7.820e-06
2572.3,18:28:07,7.820e-06
2573.5,18:28:08,7.820e-06
2574.6,18:28:09,7.810e-06
2575.8,18:28:10,7.810e-06
2576.9,18:28:11,7.810e-06
2578.1,18:28:13,7.810e-06
2579.2,18:28:14,7.800e-06
2580.4,18:28:15,7.800e-06
2581.5,18:28:16,7.800e-06
2582.7,18:28:17,7.780e-06
2583.8,18:28:18,7.780e-06
2585.0,18:28:20,7.780e-06
2586.1,18:28:21,7.780e-06
2587.3,18:28:22,7.780e-06
2588.4,18:28:23,7.770e-06
2589.6,18:28:24,7.770e-06
2590.7,18:28:25,7.770e-06
2591.9,18:28:26,7.770e-06
2593.0,18:28:28,7.760e-06
2594.2,18:28:29,7.760e-06
2595.3,18:28:30,7.760e-06
2596.5,18:28:31,7.760e-06
2597.7,18:28:32,7.750e-06
2598.8,18:28:33,7.750e-06
2600.0,18:28:35,7.750e-06
2601.1,18:28:36,7.750e-06
2602.3,18:28:37,7.750e-06
2603.4,18:28:38,7.750e-06
2604.6,18:28:39,7.740e-06
2605.7,18:28:40,7.740e-06
2606.9,18:28:41,7.740e-06
2608.0,18:28:43,7.740e-06
2609.2,18:28:44,7.730e-06
2610.3,18:28:45,7.730e-06
2611.5,18:28:46,7.730e-06
2612.6,18:28:47,7.730e-06
2613.7,18:28:48,7.730e-06
2614.9,18:28:49,7.730e-06
2616.1,18:28:51,7.730e-06
2617.2,18:28:52,7.720e-06
2618.4,18:28:53,7.720e-06
2619.5,18:28:54,7.720e-06
2620.7,18:28:55,7.700e-06
2621.9,18:28:56,7.700e-06
2623.0,18:28:58,7.700e-06
2624.2,18:28:59,7.700e-06
2625.3,18:29:00,7.700e-06
2626.5,18:29:01,7.700e-06
2627.6,18:29:02,7.700e-06
2628.8,18:29:03,7.690e-06
2629.9,18:29:04,7.690e-06
2631.1,18:29:06,7.690e-06
2632.2,18:29:07,7.690e-06
2633.4,18:29:08,7.680e-06
2634.5,18:29:09,7.680e-06
2635.7,18:29:10,7.680e-06
2636.9,18:29:11,7.680e-06
2638.0,18:29:13,7.680e-06
2639.1,18:29:14,7.670e-06
2640.3,18:29:15,7.670e-06
2641.5,18:29:16,7.670e-06
2642.6,18:29:17,7.670e-06
2643.8,18:29:18,7.670e-06
2644.9,18:29:19,7.670e-06
2646.1,18:29:21,7.660e-06
2647.3,18:29:22,7.660e-06
2648.4,18:29:23,7.660e-06
2649.6,18:29:24,7.650e-06
2650.7,18:29:25,7.650e-06
2651.9,18:29:26,7.650e-06
2653.0,18:29:28,7.650e-06
2654.2,18:29:29,7.650e-06
2655.3,18:29:30,7.650e-06
2656.5,18:29:31,7.650e-06
2657.6,18:29:32,7.650e-06
2658.8,18:29:33,7.650e-06
2659.9,18:29:34,7.650e-06
2661.1,18:29:36,7.640e-06
2662.3,18:29:37,7.640e-06
2663.4,18:29:38,7.640e-06
2664.6,18:29:39,7.640e-06
2665.7,18:29:40,7.630e-06
2666.9,18:29:41,7.630e-06
2668.0,18:29:43,7.630e-06
2669.2,18:29:44,7.630e-06
2670.4,18:29:45,7.630e-06
2671.5,18:29:46,7.630e-06
2672.7,18:29:47,7.610e-06
2673.8,18:29:48,7.610e-06
2675.0,18:29:50,7.610e-06
2676.1,18:29:51,7.610e-06
2677.3,18:29:52,7.600e-06
2678.4,18:29:53,7.600e-06
2679.6,18:29:54,7.600e-06
2680.7,18:29:55,7.600e-06
2681.9,18:29:56,7.600e-06
2683.0,18:29:58,7.600e-06
2684.2,18:29:59,7.600e-06
2685.3,18:30:00,7.590e-06
2686.5,18:30:01,7.590e-06
2687.6,18:30:02,7.590e-06
2688.8,18:30:03,7.590e-06
2690.0,18:30:05,7.590e-06
2691.1,18:30:06,7.580e-06
2692.3,18:30:07,7.580e-06
2693.4,18:30:08,7.580e-06
2694.6,18:30:09,7.580e-06
2695.7,18:30:10,7.570e-06
2696.9,18:30:11,7.570e-06
2698.1,18:30:13,7.560e-06
2699.2,18:30:14,7.560e-06
2700.4,18:30:15,7.560e-06
2701.5,18:30:16,7.550e-06
2702.7,18:30:17,7.550e-06
2703.8,18:30:18,7.550e-06
2705.0,18:30:20,7.550e-06
2706.2,18:30:21,7.550e-06
2707.3,18:30:22,7.540e-06
2708.5,18:30:23,7.550e-06
2709.6,18:30:24,7.540e-06
2710.8,18:30:25,7.540e-06
2711.9,18:30:26,7.540e-06
2713.1,18:30:28,7.540e-06
2714.2,18:30:29,7.520e-06
2715.4,18:30:30,7.520e-06
2716.6,18:30:31,7.520e-06
2717.7,18:30:32,7.520e-06
2718.9,18:30:33,7.520e-06
2720.0,18:30:35,7.510e-06
2721.2,18:30:36,7.510e-06
2722.3,18:30:37,7.510e-06
2723.5,18:30:38,7.510e-06
2724.6,18:30:39,7.510e-06
2725.8,18:30:40,7.510e-06
2727.0,18:30:42,7.500e-06
2728.1,18:30:43,7.500e-06
2729.3,18:30:44,7.500e-06
2730.4,18:30:45,7.500e-06
2731.5,18:30:46,7.500e-06
2732.7,18:30:47,7.490e-06
2733.9,18:30:48,7.490e-06
2735.0,18:30:50,7.490e-06
2736.2,18:30:51,7.490e-06
2737.3,18:30:52,7.480e-06
2738.5,18:30:53,7.480e-06
2739.6,18:30:54,7.480e-06
2740.8,18:30:55,7.470e-06
2741.9,18:30:56,7.470e-06
2743.1,18:30:58,7.470e-06
2744.2,18:30:59,7.470e-06
2745.4,18:31:00,7.470e-06
2746.5,18:31:01,7.470e-06
2747.7,18:31:02,7.470e-06
2748.8,18:31:03,7.460e-06
2750.0,18:31:05,7.460e-06
2751.1,18:31:06,7.460e-06
2752.3,18:31:07,7.460e-06
2753.4,18:31:08,7.460e-06
2754.6,18:31:09,7.450e-06
2755.8,18:31:10,7.450e-06
2756.9,18:31:11,7.450e-06
2758.1,18:31:13,7.450e-06
2759.2,18:31:14,7.450e-06
2760.3,18:31:15,7.450e-06
2761.5,18:31:16,7.450e-06
2762.7,18:31:17,7.430e-06
2763.8,18:31:18,7.430e-06
2765.0,18:31:20,7.430e-06
2766.1,18:31:21,7.420e-06
2767.3,18:31:22,7.420e-06
2768.4,18:31:23,7.420e-06
2769.6,18:31:24,7.420e-06
2770.8,18:31:25,7.420e-06
2771.9,18:31:26,7.420e-06
2773.1,18:31:28,7.410e-06
2774.2,18:31:29,7.410e-06
2775.4,18:31:30,7.410e-06
2776.5,18:31:31,7.410e-06
2777.7,18:31:32,7.400e-06
2778.8,18:31:33,7.400e-06
2780.0,18:31:35,7.400e-06
2781.1,18:31:36,7.400e-06
2782.3,18:31:37,7.390e-06
2783.4,18:31:38,7.390e-06
2784.6,18:31:39,7.390e-06
2785.7,18:31:40,7.390e-06
2786.9,18:31:41,7.390e-06
2788.0,18:31:43,7.390e-06
2789.2,18:31:44,7.390e-06
2790.3,18:31:45,7.380e-06
2791.5,18:31:46,7.380e-06
2792.6,18:31:47,7.380e-06
2793.8,18:31:48,7.380e-06
2794.9,18:31:49,7.370e-06
2796.1,18:31:51,7.370e-06
2797.3,18:31:52,7.370e-06
2798.4,18:31:53,7.370e-06
2799.6,18:31:54,7.370e-06
2800.7,18:31:55,7.370e-06
2801.9,18:31:56,7.370e-06
2803.0,18:31:58,7.350e-06
2804.2,18:31:59,7.340e-06
2805.3,18:32:00,7.340e-06
2806.5,18:32:01,7.340e-06
2807.7,18:32:02,7.340e-06
2808.8,18:32:03,7.340e-06
2810.0,18:32:05,7.330e-06
2811.1,18:32:06,7.330e-06
2812.3,18:32:07,7.330e-06
2813.5,18:32:08,7.330e-06
2814.6,18:32:09,7.320e-06
2815.8,18:32:10,7.320e-06
2816.9,18:32:11,7.320e-06
2818.1,18:32:13,7.320e-06
2819.2,18:32:14,7.320e-06
2820.4,18:32:15,7.320e-06
2821.5,18:32:16,7.310e-06
2822.7,18:32:17,7.310e-06
2823.8,18:32:18,7.300e-06
2825.0,18:32:20,7.300e-06
2826.1,18:32:21,7.300e-06
2827.3,18:32:22,7.300e-06
2828.4,18:32:23,7.300e-06
2829.6,18:32:24,7.290e-06
2830.7,18:32:25,7.290e-06
2831.9,18:32:26,7.290e-06
2833.0,18:32:28,7.290e-06
2834.2,18:32:29,7.290e-06
2835.3,18:32:30,7.280e-06
2836.5,18:32:31,7.280e-06
2837.7,18:32:32,7.280e-06
2838.8,18:32:33,7.280e-06
2840.0,18:32:35,7.260e-06
2841.1,18:32:36,7.260e-06
2842.3,18:32:37,7.260e-06
2843.4,18:32:38,7.260e-06
2844.6,18:32:39,7.260e-06
2845.7,18:32:40,7.250e-06
2846.9,18:32:41,7.250e-06
2848.0,18:32:43,7.250e-06
2849.2,18:32:44,7.250e-06
2850.3,18:32:45,7.250e-06
2851.5,18:32:46,7.250e-06
2852.6,18:32:47,7.240e-06
2853.8,18:32:48,7.240e-06
2854.9,18:32:49,7.240e-06
2856.1,18:32:51,7.240e-06
2857.2,18:32:52,7.240e-06
2858.4,18:32:53,7.240e-06
2859.5,18:32:54,7.230e-06
2860.7,18:32:55,7.230e-06
2861.8,18:32:56,7.230e-06
2863.0,18:32:58,7.220e-06
2864.2,18:32:59,7.220e-06
2865.3,18:33:00,7.220e-06
2866.5,18:33:01,7.220e-06
2867.6,18:33:02,7.210e-06
2868.8,18:33:03,7.210e-06
2869.9,18:33:04,7.210e-06
2871.1,18:33:06,7.210e-06
2872.2,18:33:07,7.210e-06
2873.4,18:33:08,7.210e-06
2874.6,18:33:09,7.210e-06
2875.7,18:33:10,7.200e-06
2876.9,18:33:11,7.200e-06
2878.0,18:33:13,7.200e-06
2879.2,18:33:14,7.200e-06
2880.3,18:33:15,7.200e-06
2881.5,18:33:16,7.190e-06
2882.6,18:33:17,7.190e-06
2883.8,18:33:18,7.190e-06
2885.0,18:33:20,7.190e-06
2886.1,18:33:21,7.190e-06
2887.3,18:33:22,7.190e-06
2888.4,18:33:23,7.190e-06
2889.6,18:33:24,7.190e-06
2890.7,18:33:25,7.190e-06
2891.9,18:33:26,7.190e-06
2893.0,18:33:28,7.170e-06
2894.2,18:33:29,7.170e-06
2895.3,18:33:30,7.170e-06
2896.5,18:33:31,7.160e-06
2897.6,18:33:32,7.160e-06
2898.8,18:33:33,7.160e-06
2900.0,18:33:35,7.160e-06
2901.1,18:33:36,7.160e-06
2902.3,18:33:37,7.160e-06
2903.5,18:33:38,7.160e-06
2904.6,18:33:39,7.160e-06
2905.8,18:33:40,7.150e-06
2906.9,18:33:41,7.150e-06
2908.1,18:33:43,7.150e-06
2909.2,18:33:44,7.150e-06
2910.4,18:33:45,7.150e-06
2911.5,18:33:46,7.140e-06
2912.7,18:33:47,7.140e-06
2913.8,18:33:48,7.140e-06
2915.0,18:33:50,7.130e-06
2916.1,18:33:51,7.130e-06
2917.3,18:33:52,7.120e-06
2918.5,18:33:53,7.120e-06
2919.6,18:33:54,7.120e-06
2920.8,18:33:55,7.120e-06
2921.9,18:33:56,7.120e-06
2923.1,18:33:58,7.120e-06
2924.2,18:33:59,7.110e-06
2925.4,18:34:00,7.110e-06
2926.6,18:34:01,7.110e-06
2927.7,18:34:02,7.110e-06
2928.9,18:34:03,7.110e-06
